ticker,link
ASML,https://finance.yahoo.com/news/asml-invests-1-53-billion-092821912.html
TMUS,https://finance.yahoo.com/news/t-mobile-us-selected-official-120643304.html
TMUS,https://finance.yahoo.com/news/echostar-expected-sell-aws-3-150904608.html
CSCO,https://finance.yahoo.com/news/q2-metals-3-clarifies-technical-155220786.html
CSCO,https://finance.yahoo.com/news/q2-metals-clarifies-technical-disclosure-101122340.html
CSCO,https://finance.yahoo.com/news/q2-metals-drills-widest-interval-114124643.html
AMD,https://finance.yahoo.com/news/sector-health-care-192950055.html
AMD,https://finance.yahoo.com/news/absci-forms-collaboration-oracle-amd-185124038.html
AZN,https://finance.yahoo.com/news/sector-health-care-stocks-fall-194643659.html
LIN,https://finance.yahoo.com/news/caliche-development-starts-providing-helium-142022683.html
APP,https://finance.yahoo.com/news/sector-tech-stocks-mixed-afternoon-195541303.html
APP,https://finance.yahoo.com/news/applovin-poised-benefit-apos-handsomely-144939462.html
PEP,https://finance.yahoo.com/news/estee-lauder-names-chief-research-203854809.html
SHOP,https://finance.yahoo.com/news/wall-street-rises-highs-fed-205920858.html
SHOP,https://finance.yahoo.com/news/equities-rise-intraday-markets-weigh-182731798.html
NVDA,https://finance.yahoo.com/news/nasdaq-extends-record-run-wall-210952025.html
NVDA,https://finance.yahoo.com/news/equities-mixed-intraday-amid-drop-180703802.html
NVDA,https://finance.yahoo.com/news/sector-tech-stocks-mixed-afternoon-195541303.html
MSFT,https://finance.yahoo.com/news/nasdaq-extends-record-run-wall-210952025.html
MSFT,https://finance.yahoo.com/news/equities-mixed-intraday-amid-drop-180703802.html
AAPL,https://finance.yahoo.com/news/nasdaq-extends-record-run-wall-210952025.html
AAPL,https://finance.yahoo.com/news/market-chatter-apple-senior-ai-193121473.html
AAPL,https://finance.yahoo.com/news/equities-mixed-intraday-amid-drop-180703802.html
AMZN,https://finance.yahoo.com/news/sector-tech-stocks-mixed-afternoon-195541303.html
AMZN,https://finance.yahoo.com/news/sector-consumer-stocks-mixed-afternoon-194734569.html
AMZN,https://finance.yahoo.com/news/sector-consumer-192334225.html
AMZN,https://finance.yahoo.com/news/market-chatter-amazon-tests-gm-183130066.html
AMZN,https://finance.yahoo.com/news/top-midday-stories-ftc-probing-153515850.html
META,https://finance.yahoo.com/news/winklevoss-twins-roaring-crypto-ipo-124350362.html
AVGO,https://finance.yahoo.com/news/broadcom-insider-sold-shares-worth-211258613.html
AVGO,https://finance.yahoo.com/news/dbs-bank-adjusts-price-target-093508706.html
AVGO,https://finance.yahoo.com/news/jefferies-adjusts-price-target-broadcom-093501121.html
AVGO,https://finance.yahoo.com/news/mizuho-adjusts-price-target-broadcom-092013708.html
GOOGL,https://finance.yahoo.com/news/sector-tech-stocks-mixed-afternoon-195541303.html
GOOGL,https://finance.yahoo.com/news/top-midday-stories-ftc-probing-153515850.html
GOOG,https://finance.yahoo.com/news/top-midday-stories-ftc-probing-153515850.html
TSLA,https://finance.yahoo.com/news/nasdaq-extends-record-run-wall-210952025.html
TSLA,https://finance.yahoo.com/news/equities-mixed-intraday-amid-drop-180703802.html
NFLX,https://finance.yahoo.com/news/wall-street-rises-highs-fed-205920858.html
NFLX,https://finance.yahoo.com/news/us-equity-markets-end-higher-203131399.html
NFLX,https://finance.yahoo.com/news/equities-rise-intraday-markets-weigh-182731798.html
NFLX,https://finance.yahoo.com/news/market-chatter-netflix-chief-product-201418891.html
MU,https://finance.yahoo.com/news/micron-technology-insider-sold-shares-214909251.html
MU,https://finance.yahoo.com/news/street-research-adjusts-micron-technology-155140787.html
MU,https://finance.yahoo.com/news/sector-tech-stocks-advance-afternoon-195710198.html
MU,https://finance.yahoo.com/news/micron-technology-shares-rise-citigroup-184055186.html
TXN,https://finance.yahoo.com/news/morgan-stanley-adjusts-price-target-114545806.html
TXN,https://finance.yahoo.com/news/sector-tech-stocks-gain-afternoon-195500372.html
TXN,https://finance.yahoo.com/news/sector-tech-192317261.html
TXN,https://finance.yahoo.com/news/us-equity-indexes-rise-investors-165326071.html
TXN,https://finance.yahoo.com/news/us-equity-indexes-rise-midday-162540254.html
ARM,https://finance.yahoo.com/news/intel-names-kevork-kechichian-general-213437307.html
AMGN,https://finance.yahoo.com/news/trump-signs-memorandum-crack-down-100810826.html
ADBE,https://finance.yahoo.com/news/p-500-posts-broad-weekly-204227247.html
ADBE,https://finance.yahoo.com/news/adobe-apos-ai-strategy-gains-150158766.html
ADBE,https://finance.yahoo.com/news/adobe-apos-generative-ai-momentum-145134899.html
ADBE,https://finance.yahoo.com/news/bofa-securities-adjusts-adobe-price-134106869.html
LRCX,https://finance.yahoo.com/news/mizuho-adjusts-price-target-lam-104252638.html
GILD,https://finance.yahoo.com/news/rothschild-co-redburn-adjusts-gilead-112928667.html
GILD,https://finance.yahoo.com/news/veeva-systems-expands-partnership-gilead-144959850.html
GILD,https://finance.yahoo.com/news/xilio-therapeutics-starts-phase-2-125309266.html
GILD,https://finance.yahoo.com/news/ideaya-reports-apos-positive-apos-131005078.html
AMAT,https://finance.yahoo.com/news/mizuho-downgrades-applied-materials-neutral-091729287.html
PANW,https://finance.yahoo.com/news/street-adjusts-price-target-palo-155153510.html
KLAC,https://finance.yahoo.com/news/market-chatter-us-equipment-makers-102248858.html
CMCSA,https://finance.yahoo.com/news/moffettnathanson-adjusts-price-target-comcast-112245473.html
CMCSA,https://finance.yahoo.com/news/bernstein-adjusts-price-target-comcast-104624435.html
CMCSA,https://finance.yahoo.com/news/sector-consumer-stocks-mixed-afternoon-201137977.html
CMCSA,https://finance.yahoo.com/news/comcast-faces-increasing-competition-fiber-150835265.html
ADP,https://finance.yahoo.com/news/automatic-data-processing-insider-sold-203229996.html
ADP,https://finance.yahoo.com/news/automatic-data-processing-insider-sold-203158667.html
ADP,https://finance.yahoo.com/news/stocks-mostly-pre-bell-ahead-112658405.html
ADP,https://finance.yahoo.com/news/jobs-federal-views-boost-wall-111831930.html
ADP,https://finance.yahoo.com/news/p-500-notches-record-high-211217648.html
ADP,https://finance.yahoo.com/news/us-equity-markets-end-higher-201306113.html
ADP,https://finance.yahoo.com/news/us-equity-indexes-rise-amid-193704117.html
MELI,https://finance.yahoo.com/news/sector-consumer-stocks-mixed-afternoon-194100018.html
MELI,https://finance.yahoo.com/news/sector-consumer-stocks-mixed-tuesday-180025871.html
MELI,https://finance.yahoo.com/news/market-chatter-amazon-com-expands-213654554.html
INTC,https://finance.yahoo.com/news/street-research-adjusts-intel-price-153453238.html
INTC,https://finance.yahoo.com/news/synopsys-lowers-fiscal-2025-earnings-145023149.html
DASH,https://finance.yahoo.com/news/eu-approves-doordash-apos-acquisition-142443974.html
DASH,https://finance.yahoo.com/news/doordash-expands-member-benefits-canada-134416889.html
DASH,https://finance.yahoo.com/news/doordash-ace-hardware-launch-demand-132603788.html
DASH,https://finance.yahoo.com/news/da-davidson-adjusts-doordash-price-131309769.html
DASH,https://finance.yahoo.com/news/doordash-launches-night-delivery-waffle-132523976.html
CRWD,https://finance.yahoo.com/news/crowdstrike-cybersecurity-protection-amazon-business-135303748.html
VRTX,https://finance.yahoo.com/news/evercore-isi-adjusts-pt-vertex-102835596.html
VRTX,https://finance.yahoo.com/news/dbs-bank-adjusts-price-target-113858316.html
CEG,https://finance.yahoo.com/news/jefferies-adjusts-price-target-constellation-100258889.html
CDNS,https://finance.yahoo.com/news/cadence-design-systems-insider-sold-213607034.html
CDNS,https://finance.yahoo.com/news/cadence-design-systems-acquire-hexagon-212201780.html
SBUX,https://finance.yahoo.com/news/sector-consumer-stocks-rise-afternoon-173554548.html
SBUX,https://finance.yahoo.com/news/market-chatter-starbucks-move-sell-103043949.html
ORLY,https://finance.yahoo.com/news/evercore-isi-adjusts-price-target-102532354.html
CTAS,https://finance.yahoo.com/news/truist-securities-adjusts-price-target-101620608.html
CTAS,https://finance.yahoo.com/news/cintas-insider-sold-shares-worth-201233228.html
MDLZ,https://finance.yahoo.com/news/bnp-paribas-exane-adjusts-mondelez-114604750.html
MDLZ,https://finance.yahoo.com/news/keurig-dr-pepper-acquire-jde-104819716.html
SNPS,https://finance.yahoo.com/news/berenberg-adjusts-price-target-synopsys-094254353.html
SNPS,https://finance.yahoo.com/news/citic-adjusts-price-target-synopsys-093813115.html
SNPS,https://finance.yahoo.com/news/deutsche-bank-trims-price-target-110651046.html
SNPS,https://finance.yahoo.com/news/social-buzz-wallstreetbets-stocks-advance-104248339.html
SNPS,https://finance.yahoo.com/news/mizuho-adjusts-price-target-synopsys-092325158.html
SNPS,https://finance.yahoo.com/news/hsbc-adjusts-price-target-synopsys-092318075.html
SNPS,https://finance.yahoo.com/news/morgan-stanley-adjusts-price-target-092310807.html
TRI,https://finance.yahoo.com/news/thomson-reuters-price-target-raised-113404568.html
TRI,https://finance.yahoo.com/news/thomson-reuters-set-join-nasdaq-184149621.html
TRI,https://finance.yahoo.com/news/cibc-lowers-price-target-cgi-115147075.html
ADSK,https://finance.yahoo.com/news/autodeREDACTED_API_KEY.html
ADSK,https://finance.yahoo.com/news/hsbc-adjusts-price-target-autodesk-100806101.html
ADSK,https://finance.yahoo.com/news/berenberg-adjusts-price-target-autodesk-100755491.html
ADSK,https://finance.yahoo.com/news/macquarie-adjusts-price-target-autodesk-100745265.html
ADSK,https://finance.yahoo.com/news/autodeREDACTED_API_KEY.html
ADSK,https://finance.yahoo.com/news/autodeREDACTED_API_KEY.html
ADSK,https://finance.yahoo.com/news/nasdaq-composite-slumps-hotter-leanings-205442889.html
ADSK,https://finance.yahoo.com/news/p-500-falls-record-highs-205153320.html
CSX,https://finance.yahoo.com/news/cn-csx-team-launch-intermodal-204516036.html
CSX,https://finance.yahoo.com/news/jefferies-adjusts-price-target-csx-145237890.html
WDAY,https://finance.yahoo.com/news/kinaxis-partners-workday-ai-supply-123011717.html
WDAY,https://finance.yahoo.com/news/workday-partners-teambuilder-optimize-healthcare-145630558.html
AXON,https://finance.yahoo.com/news/axon-enterprise-insider-sold-shares-214907967.html
REGN,https://finance.yahoo.com/news/regeneron-says-5-data-show-115704737.html
REGN,https://finance.yahoo.com/news/regeneron-pharmaceuticals-said-phase-3-120537894.html
AEP,https://finance.yahoo.com/news/jefferies-adjusts-american-electric-power-154453721.html
AEP,https://finance.yahoo.com/news/ladenburg-thalmann-adjusts-price-target-111007246.html
AEP,https://finance.yahoo.com/news/morgan-stanley-adjusts-price-target-121651113.html
AEP,https://finance.yahoo.com/news/jpmorgan-adjusts-price-target-american-104534824.html
AEP,https://finance.yahoo.com/news/american-electric-power-insider-sold-190349674.html
AEP,https://finance.yahoo.com/news/american-electric-power-insider-sold-190314654.html
AEP,https://finance.yahoo.com/news/ladenburg-thalmann-adjusts-price-target-113804370.html
ROP,https://finance.yahoo.com/news/citigroup-initiates-roper-technologies-buy-092022131.html
ROP,https://finance.yahoo.com/news/roper-technologies-prices-2-billion-072138137.html
FAST,https://finance.yahoo.com/news/fastenal-shares-lower-august-sales-185549058.html
FAST,https://finance.yahoo.com/news/baird-adjusts-fastenal-price-target-132005810.html
FAST,https://finance.yahoo.com/news/jpmorgan-adjusts-price-target-fastenal-101022042.html
FAST,https://finance.yahoo.com/news/fastenal-insider-sold-shares-worth-162137702.html
PCAR,https://finance.yahoo.com/news/paccar-insider-sold-shares-worth-172510596.html
PCAR,https://finance.yahoo.com/news/argus-upgrades-paccar-buy-hold-131616738.html
IDXX,https://finance.yahoo.com/news/morgan-stanley-adjusts-price-target-115724773.html
IDXX,https://finance.yahoo.com/news/idexx-laboratories-inc-insider-sold-080333179.html
IDXX,https://finance.yahoo.com/news/idexx-laboratories-insider-sold-shares-212458104.html
PAYX,https://finance.yahoo.com/news/td-cowen-adjusts-price-target-094006672.html
PAYX,https://finance.yahoo.com/news/dayforce-taken-private-thoma-bravo-143554059.html
PAYX,https://finance.yahoo.com/news/citigroup-adjusts-price-target-paychex-115917792.html
PAYX,https://finance.yahoo.com/news/paychex-fiscal-q1-earnings-expected-145657730.html
ROST,https://finance.yahoo.com/news/wells-fargo-adjusts-price-target-102953472.html
DDOG,https://finance.yahoo.com/news/datadog-insider-sold-shares-worth-200657712.html
DDOG,https://finance.yahoo.com/news/datadog-insider-sold-shares-worth-214846029.html
DDOG,https://finance.yahoo.com/news/datadog-insider-sold-shares-worth-074357070.html
DDOG,https://finance.yahoo.com/news/datadog-insider-sold-shares-worth-074124366.html
DDOG,https://finance.yahoo.com/news/datadog-insider-sold-shares-worth-074042943.html
DDOG,https://finance.yahoo.com/news/datadog-insider-sold-shares-worth-074002401.html
DDOG,https://finance.yahoo.com/news/datadog-insider-sold-shares-worth-071815265.html
CPRT,https://finance.yahoo.com/news/bnp-paribas-exane-adjusts-copart-120415696.html
CPRT,https://finance.yahoo.com/news/jpmorgan-adjusts-copart-price-target-120411963.html
CPRT,https://finance.yahoo.com/news/stephens-adjusts-copart-price-target-120407263.html
CPRT,https://finance.yahoo.com/news/copart-fiscal-q4-earnings-revenue-203618469.html
CPRT,https://finance.yahoo.com/news/copart-shares-rise-upgrade-hsbc-184831458.html
WBD,https://finance.yahoo.com/news/warner-bros-discovery-insider-sold-220152933.html
WBD,https://finance.yahoo.com/news/nasdaq-composite-bucks-trend-rises-204745024.html
WBD,https://finance.yahoo.com/news/us-equity-markets-end-mixed-203055358.html
WBD,https://finance.yahoo.com/news/us-equity-indexes-mixed-treasury-195633386.html
WBD,https://finance.yahoo.com/news/sector-consumer-170746532.html
WBD,https://finance.yahoo.com/news/us-equity-indexes-mixed-treasury-165754350.html
WBD,https://finance.yahoo.com/news/us-equity-indexes-mixed-midday-160703446.html
TEAM,https://finance.yahoo.com/news/atlassian-insider-sold-shares-worth-080558706.html
TEAM,https://finance.yahoo.com/news/atlassian-insider-sold-shares-worth-080500661.html
TEAM,https://finance.yahoo.com/news/guggenheim-initiates-atlassian-buy-225-111829802.html
TEAM,https://finance.yahoo.com/news/us-equity-indexes-close-beneath-205018431.html
TEAM,https://finance.yahoo.com/news/us-equity-indexes-rise-downwardly-174901380.html
TEAM,https://finance.yahoo.com/news/sector-tech-stocks-advance-premarket-130647550.html
TEAM,https://finance.yahoo.com/news/atlassian-phase-data-center-usage-123904220.html
TEAM,https://finance.yahoo.com/news/atlassian-insider-sold-shares-worth-202730207.html
TEAM,https://finance.yahoo.com/news/atlassian-insider-sold-shares-worth-210436122.html
BKR,https://finance.yahoo.com/news/baker-hughes-insider-sold-shares-201818335.html
BKR,https://finance.yahoo.com/news/oil-rig-count-rises-2-192928584.html
BKR,https://finance.yahoo.com/news/wall-street-set-open-little-132129272.html
BKR,https://finance.yahoo.com/news/sector-energy-stocks-advance-premarket-131918708.html
BKR,https://finance.yahoo.com/news/exchange-traded-funds-higher-equity-131218100.html
BKR,https://finance.yahoo.com/news/sector-energy-130604394.html
BKR,https://finance.yahoo.com/news/values-cap-wall-street-pre-110501707.html
BKR,https://finance.yahoo.com/news/baker-hughes-gets-order-nextdecade-213657115.html
BKR,https://finance.yahoo.com/news/sector-energy-stocks-decline-pre-132637421.html
BKR,https://finance.yahoo.com/news/baker-hughes-wins-additional-contracts-113401300.html
TTWO,https://finance.yahoo.com/news/william-o-apos-neil-initiates-093131533.html
TTWO,https://finance.yahoo.com/news/two-interactive-software-insider-sold-201928709.html
EXC,https://finance.yahoo.com/news/morgan-stanley-adjusts-price-target-120246887.html
EXC,https://finance.yahoo.com/news/sector-energy-stocks-decline-afternoon-194600216.html
EXC,https://finance.yahoo.com/news/sector-energy-stocks-decline-monday-174956560.html
EXC,https://finance.yahoo.com/news/exelon-apos-comed-restores-power-072930803.html
XEL,https://finance.yahoo.com/news/jefferies-adjusts-price-target-xcel-113944576.html
XEL,https://finance.yahoo.com/news/morgan-stanley-adjusts-price-target-120346718.html
XEL,https://finance.yahoo.com/news/xcel-energy-facing-probe-texas-185028284.html
XEL,https://finance.yahoo.com/news/sector-energy-stocks-advance-friday-174826288.html
XEL,https://finance.yahoo.com/news/xcel-energy-facing-probe-texas-152427149.html
XEL,https://finance.yahoo.com/news/goldman-sachs-adjusts-xcel-energy-124122456.html
XEL,https://finance.yahoo.com/news/wolfe-adjusts-price-target-xcel-151314884.html
XEL,https://finance.yahoo.com/news/mizuho-adjusts-price-target-xcel-151036295.html
EA,https://finance.yahoo.com/news/benchmark-adjusts-price-target-electronic-113309889.html
EA,https://finance.yahoo.com/news/electronic-arts-insider-sold-shares-214234158.html
CCEP,https://finance.yahoo.com/news/morgan-stanley-downgrades-coca-cola-113657048.html
CCEP,https://finance.yahoo.com/news/exchange-traded-funds-equity-futures-124006363.html
CCEP,https://finance.yahoo.com/news/coca-cola-europacific-partners-q2-090055756.html
CCEP,https://finance.yahoo.com/news/deutsche-bank-raises-price-target-112421419.html
CCEP,https://finance.yahoo.com/news/ubs-lifts-coca-cola-europacific-143654182.html
FANG,https://finance.yahoo.com/news/p-500-posts-slight-weekly-204140113.html
FANG,https://finance.yahoo.com/news/jpmorgan-adjusts-price-target-diamondback-100441061.html
FANG,https://finance.yahoo.com/news/communication-services-tech-sector-lift-202209743.html
FANG,https://finance.yahoo.com/news/sector-energy-stocks-slide-afternoon-194426362.html
FANG,https://finance.yahoo.com/news/sector-energy-192642006.html
FANG,https://finance.yahoo.com/news/top-midday-decliners-183641905.html
FANG,https://finance.yahoo.com/news/sector-energy-stocks-softer-afternoon-193949554.html
FANG,https://finance.yahoo.com/news/sector-energy-stocks-mixed-afternoon-175618297.html
KDP,https://finance.yahoo.com/news/keurig-dr-pepper-insider-bought-212817154.html
KDP,https://finance.yahoo.com/news/elliott-opts-apos-activist-light-152530746.html
CSGP,https://finance.yahoo.com/news/deutsche-bank-adjusts-price-target-101316522.html
CSGP,https://finance.yahoo.com/news/costar-group-completes-acquisition-domain-134721250.html
CSGP,https://finance.yahoo.com/news/bmo-capital-adjusts-costar-price-125434158.html
VRSK,https://finance.yahoo.com/news/veriREDACTED_API_KEY.html
VRSK,https://finance.yahoo.com/news/veriREDACTED_API_KEY.html
VRSK,https://finance.yahoo.com/news/argus-adjusts-price-target-verisk-132703919.html
VRSK,https://finance.yahoo.com/news/raymond-james-adjusts-price-target-124209449.html
VRSK,https://finance.yahoo.com/news/jefferies-adjusts-price-target-verisk-153250050.html
CHTR,https://finance.yahoo.com/news/bernstein-adjusts-pt-charter-communications-105017100.html
CHTR,https://finance.yahoo.com/news/nasdaq-clinches-high-ahead-week-210230512.html
CHTR,https://finance.yahoo.com/news/equities-mostly-rise-intraday-markets-180432131.html
CHTR,https://finance.yahoo.com/news/t-charter-other-telecom-shares-140608117.html
CHTR,https://finance.yahoo.com/news/traders-eye-upcoming-inflation-data-125857211.html
CHTR,https://finance.yahoo.com/news/uber-replace-charter-communications-p-102143645.html
CHTR,https://finance.yahoo.com/news/csg-gets-multiyear-contract-extension-211728624.html
CHTR,https://finance.yahoo.com/news/charter-communications-closes-2-billion-210140538.html
MCHP,https://finance.yahoo.com/news/microchip-technology-unit-deca-develop-131126981.html
GEHC,https://finance.yahoo.com/news/ge-healthcare-technologies-acquire-ai-123303382.html
GEHC,https://finance.yahoo.com/news/ge-healthcare-technologies-signs-distribution-134415018.html
CTSH,https://finance.yahoo.com/news/cognizant-technology-solutions-insider-sold-201719083.html
CTSH,https://finance.yahoo.com/news/cognizant-deploy-1-000-context-075232722.html
CTSH,https://finance.yahoo.com/news/daiwa-securities-adjusts-pt-cognizant-092636897.html
CTSH,https://finance.yahoo.com/news/jpmorgan-adjusts-pt-cognizant-technology-100045185.html
KHC,https://finance.yahoo.com/news/kraft-heinz-post-split-fate-115505773.html
ODFL,https://finance.yahoo.com/news/citigroup-adjusts-price-target-old-095609991.html
ODFL,https://finance.yahoo.com/news/susquehanna-adjusts-pt-old-dominion-095603310.html
ODFL,https://finance.yahoo.com/news/jpmorgan-adjusts-old-dominion-freight-175026741.html
ODFL,https://finance.yahoo.com/news/old-dominion-freight-line-apos-120609105.html
DXCM,https://finance.yahoo.com/news/sector-health-care-stocks-softer-195444007.html
DXCM,https://finance.yahoo.com/news/sector-health-care-stocks-slipping-174854951.html
DXCM,https://finance.yahoo.com/news/sector-health-care-171829565.html
DXCM,https://finance.yahoo.com/news/dexcom-faces-organic-issues-competition-151050562.html
DXCM,https://finance.yahoo.com/news/oppenheimer-downgrades-dexcom-perform-outperform-125854619.html
DXCM,https://finance.yahoo.com/news/dexcom-insider-sold-shares-worth-201941739.html
TTD,https://finance.yahoo.com/news/us-equity-indexes-mixed-consumer-210609030.html
BIIB,https://finance.yahoo.com/news/piper-sandler-adjusts-price-target-112259493.html
BIIB,https://finance.yahoo.com/news/c4-therapeutics-says-biogen-apos-121111578.html
BIIB,https://finance.yahoo.com/news/us-equity-indexes-decline-gains-204445256.html
BIIB,https://finance.yahoo.com/news/us-equity-markets-end-lower-200212232.html
BIIB,https://finance.yahoo.com/news/sector-health-care-stocks-retreat-174635874.html
BIIB,https://finance.yahoo.com/news/us-equity-indexes-slump-volatility-172706246.html
BIIB,https://finance.yahoo.com/news/stoke-therapeutics-biogen-studies-support-120056312.html
LULU,https://finance.yahoo.com/news/tariff-driven-price-increases-taking-151932805.html
LULU,https://finance.yahoo.com/news/bofa-securities-adjusts-price-target-135933695.html
LULU,https://finance.yahoo.com/news/best-buy-appoints-lululemon-finance-132334413.html
LULU,https://finance.yahoo.com/news/rothschild-co-redburn-adjusts-lululemon-114802164.html
LULU,https://finance.yahoo.com/news/hsbc-downgrades-lululemon-athletica-hold-150013602.html
LULU,https://finance.yahoo.com/news/hsbc-downgrades-lululemon-athletica-hold-120707824.html
GFS,https://finance.yahoo.com/news/synopsys-globalfoundries-launch-educational-chip-195449786.html
GFS,https://finance.yahoo.com/news/arete-upgrades-globalfoundries-neutral-sell-092810663.html
BKR,https://finance.yahoo.com/news/baker-hughes-controlled-thermal-resources-131406530.html
AZN,https://finance.yahoo.com/news/astrazeneca-receives-fda-approval-selumetinib-151941692.html
ADBE,https://finance.yahoo.com/news/top-midday-stories-ftc-probing-153515850.html
WBD,https://finance.yahoo.com/news/nasdaq-extends-record-run-wall-210952025.html
WBD,https://finance.yahoo.com/news/equities-mixed-intraday-amid-drop-180703802.html
LULU,https://finance.yahoo.com/news/nasdaq-composite-bucks-trend-rises-204745024.html
LULU,https://finance.yahoo.com/news/us-equity-indexes-mixed-treasury-165754350.html
TSLA,https://finance.yahoo.com/news/tesla-insider-sold-shares-worth-081256579.html
NVDA,https://finance.yahoo.com/news/socgen-apos-overnight-economic-news-094526051.html
NVDA,https://finance.yahoo.com/news/nvidia-violated-anti-monopoly-law-092556430.html
AZN,https://finance.yahoo.com/news/market-chatter-astrazeneca-pauses-271-090800940.html
NVDA,https://finance.yahoo.com/news/nvidia-insider-sold-shares-worth-214819562.html
NVDA,https://finance.yahoo.com/news/us-equity-indexes-rise-paced-204838451.html
NVDA,https://finance.yahoo.com/news/coreweave-shares-jump-cloud-computing-203010278.html
MSFT,https://finance.yahoo.com/news/sector-tech-stocks-rise-afternoon-174259571.html
MSFT,https://finance.yahoo.com/news/microsoft-backs-london-stock-exchange-152158719.html
AAPL,https://finance.yahoo.com/news/affirm-expands-store-apple-pay-175309964.html
AMZN,https://finance.yahoo.com/news/market-chatter-amazon-offer-augmented-201734504.html
AMZN,https://finance.yahoo.com/news/amazon-hold-hardware-event-sept-151913476.html
AMZN,https://finance.yahoo.com/news/amazon-reportedly-hold-fall-hardware-150302844.html
AMZN,https://finance.yahoo.com/news/freight-technologies-services-now-integrated-140238863.html
META,https://finance.yahoo.com/news/crowdstrike-meta-platforms-collaborate-standards-125254652.html
GOOGL,https://finance.yahoo.com/news/us-equity-indexes-rise-paced-204838451.html
GOOGL,https://finance.yahoo.com/news/market-chatter-google-apos-ad-174341373.html
GOOG,https://finance.yahoo.com/news/us-equity-indexes-rise-paced-204838451.html
GOOG,https://finance.yahoo.com/news/market-chatter-google-apos-ad-174341373.html
GOOG,https://finance.yahoo.com/news/sector-tech-stocks-rise-afternoon-174259571.html
TSLA,https://finance.yahoo.com/news/tesla-shares-rally-elon-musk-212445873.html
TSLA,https://finance.yahoo.com/news/nasdaq-p-500-hit-highs-210321416.html
TSLA,https://finance.yahoo.com/news/us-equity-indexes-rise-paced-204838451.html
PLTR,https://finance.yahoo.com/news/social-buzz-wallstreetbets-stocks-mostly-104533422.html
PEP,https://finance.yahoo.com/news/rbc-trims-price-target-pepsico-104610144.html
MU,https://finance.yahoo.com/news/micron-technology-apos-well-positioned-150219669.html
MU,https://finance.yahoo.com/news/cantor-fitzgerald-adjusts-micron-technology-115857930.html
MU,https://finance.yahoo.com/news/deutsche-bank-adjusts-micron-technology-113300616.html
TXN,https://finance.yahoo.com/news/us-equity-indexes-rise-paced-204838451.html
TXN,https://finance.yahoo.com/news/communication-services-consumer-discretionary-help-174805605.html
TXN,https://finance.yahoo.com/news/traders-cautious-ahead-fed-meeting-130410846.html
TXN,https://finance.yahoo.com/news/china-ministry-launch-anti-dumping-103053520.html
ADBE,https://finance.yahoo.com/news/bnp-paribas-exane-adjusts-adobe-121721109.html
HON,https://finance.yahoo.com/news/honeywell-redwire-sign-mou-quantum-143838777.html
PANW,https://finance.yahoo.com/news/palo-alto-networks-apos-apos-150128343.html
ADI,https://finance.yahoo.com/news/us-equity-indexes-rise-paced-204838451.html
ADI,https://finance.yahoo.com/news/communication-services-consumer-discretionary-help-174805605.html
ADI,https://finance.yahoo.com/news/traders-cautious-ahead-fed-meeting-130410846.html
ADI,https://finance.yahoo.com/news/china-ministry-launch-anti-dumping-103053520.html
ADP,https://finance.yahoo.com/news/automatic-data-processing-insider-sold-200810565.html
INTC,https://finance.yahoo.com/news/sector-tech-stocks-higher-afternoon-194536186.html
INTC,https://finance.yahoo.com/news/sector-tech-192840169.html
INTC,https://finance.yahoo.com/news/intel-shares-rise-2025-expense-184042945.html
INTC,https://finance.yahoo.com/news/sector-tech-stocks-higher-premarket-131139378.html
INTC,https://finance.yahoo.com/news/intel-lowers-2025-expense-outlook-114925794.html
CRWD,https://finance.yahoo.com/news/sector-tech-stocks-higher-premarket-131139378.html
CRWD,https://finance.yahoo.com/news/crowdstrike-meta-platforms-collaborate-standards-125254652.html
CRWD,https://finance.yahoo.com/news/wipro-expands-partnership-crowdstrike-lauch-113026656.html
ORLY,https://finance.yahoo.com/news/td-cowen-adjusts-o-apos-115048832.html
ADSK,https://finance.yahoo.com/news/autodeREDACTED_API_KEY.html
PYPL,https://finance.yahoo.com/news/paypal-launches-personalized-payment-system-135909120.html
PYPL,https://finance.yahoo.com/news/paypal-launches-personalized-payment-system-132206224.html
PYPL,https://finance.yahoo.com/news/bank-america-paypal-among-us-110841525.html
WDAY,https://finance.yahoo.com/news/workday-insider-sold-shares-worth-203723698.html
AEP,https://finance.yahoo.com/news/american-electric-power-insider-sold-175927467.html
ROP,https://finance.yahoo.com/news/goldman-sachs-adjusts-price-target-120857565.html
FANG,https://finance.yahoo.com/news/mizuho-adjusts-price-target-diamondback-121829070.html
LRCX,https://finance.yahoo.com/news/lam-research-jsr-enter-collaboration-085239448.html
BKR,https://finance.yahoo.com/news/capital-one-securities-adjusts-baker-090630542.html
NVDA,https://finance.yahoo.com/news/market-chatter-nvidia-apos-latest-105518882.html
AMZN,https://finance.yahoo.com/news/roku-launches-first-tv-smart-135314632.html
AMZN,https://finance.yahoo.com/news/market-chatter-amazon-com-apos-112637367.html
AMZN,https://finance.yahoo.com/news/truist-securities-adjusts-price-target-102128586.html
AMZN,https://finance.yahoo.com/news/amazon-sets-apos-prime-big-093857871.html
META,https://finance.yahoo.com/news/meta-reportedly-launching-smart-glasses-120851286.html
META,https://finance.yahoo.com/news/market-chatter-meta-platforms-rely-110313893.html
META,https://finance.yahoo.com/news/hsbc-adjusts-price-target-meta-091133966.html
META,https://finance.yahoo.com/news/meta-struggles-decouple-chinese-supplier-082326102.html
GOOGL,https://finance.yahoo.com/news/magnite-sues-alphabet-apos-google-151200475.html
GOOGL,https://finance.yahoo.com/news/magnite-sues-alphabet-apos-google-134137506.html
GOOGL,https://finance.yahoo.com/news/dirtt-wins-google-allina-health-132810359.html
GOOGL,https://finance.yahoo.com/news/sector-tech-stocks-rise-premarket-132412176.html
GOOG,https://finance.yahoo.com/news/magnite-sues-alphabet-apos-google-151200475.html
GOOG,https://finance.yahoo.com/news/magnite-sues-alphabet-apos-google-134137506.html
GOOG,https://finance.yahoo.com/news/dirtt-wins-google-allina-health-132810359.html
GOOG,https://finance.yahoo.com/news/sector-tech-stocks-rise-premarket-132412176.html
TSLA,https://finance.yahoo.com/news/nhtsa-reportedly-opens-probe-tesla-113742038.html
TSLA,https://finance.yahoo.com/news/social-buzz-wallstreetbets-stocks-mostly-103816116.html
PLTR,https://finance.yahoo.com/news/palantir-technologies-insider-sold-shares-072012502.html
MU,https://finance.yahoo.com/news/mizuho-adjusts-price-target-micron-095823065.html
LRCX,https://finance.yahoo.com/news/sector-tech-stocks-rise-premarket-132412176.html
GILD,https://finance.yahoo.com/news/jpmorgan-adjusts-price-target-gilead-094202166.html
TSLA,https://finance.yahoo.com/news/top-midday-stories-judge-tosses-161117047.html
CMCSA,https://finance.yahoo.com/news/top-midday-stories-judge-tosses-161117047.html
CMCSA,https://finance.yahoo.com/news/walt-disney-warner-bros-universal-145347138.html
CMCSA,https://finance.yahoo.com/news/starbucks-gets-selected-official-coffee-140951375.html
DASH,https://finance.yahoo.com/news/moffettnathanson-adjusts-price-target-doordash-102224185.html
CRWD,https://finance.yahoo.com/news/crowdstrike-salesforce-form-partnership-boost-122910065.html
SBUX,https://finance.yahoo.com/news/starbucks-gets-selected-official-coffee-140951375.html
MAR,https://finance.yahoo.com/news/bernstein-adjusts-price-target-marriott-100809926.html
PYPL,https://finance.yahoo.com/news/rothschild-co-redburn-adjusts-pt-151134298.html
MNST,https://finance.yahoo.com/news/citigroup-adjusts-price-target-monster-095649290.html
WDAY,https://finance.yahoo.com/news/workday-acquire-sana-1-1-134458574.html
AEP,https://finance.yahoo.com/news/mizuho-adjusts-price-target-american-095613563.html
ROST,https://finance.yahoo.com/news/jefferies-adjusts-price-target-ross-101818013.html
WBD,https://finance.yahoo.com/news/top-midday-stories-judge-tosses-161117047.html
WBD,https://finance.yahoo.com/news/walt-disney-warner-bros-universal-145347138.html
FANG,https://finance.yahoo.com/news/highpeak-energy-names-michael-hollis-103232484.html
KDP,https://finance.yahoo.com/news/citigroup-adjusts-price-target-keurig-095442434.html
NVDA,https://finance.yahoo.com/news/p-500-nasdaq-fall-record-210143095.html
MSFT,https://finance.yahoo.com/news/microsoft-plans-invest-30-billion-201942450.html
AMZN,https://finance.yahoo.com/news/sector-tech-stocks-mixed-afternoon-194623766.html
AMZN,https://finance.yahoo.com/news/sector-tech-stocks-mixed-tuesday-175643548.html
GOOGL,https://finance.yahoo.com/news/sector-tech-stocks-mixed-afternoon-194623766.html
GOOGL,https://finance.yahoo.com/news/alphabet-apos-waymo-cleared-test-175041448.html
GOOG,https://finance.yahoo.com/news/sector-tech-stocks-mixed-afternoon-194623766.html
GOOG,https://finance.yahoo.com/news/alphabet-apos-waymo-cleared-test-175041448.html
GILD,https://finance.yahoo.com/news/gilead-sciences-insider-sold-shares-212221367.html
GILD,https://finance.yahoo.com/news/gilead-sciences-insider-sold-shares-211715269.html
HON,https://finance.yahoo.com/news/honeywell-apos-solstice-advanced-materials-212150260.html
HON,https://finance.yahoo.com/news/honeywell-apos-solstice-advanced-materials-171946883.html
CMCSA,https://finance.yahoo.com/news/us-equity-indexes-lower-ahead-203421518.html
CMCSA,https://finance.yahoo.com/news/us-equity-markets-end-lower-202706795.html
CMCSA,https://finance.yahoo.com/news/us-equity-indexes-lower-ahead-194438473.html
CMCSA,https://finance.yahoo.com/news/top-midday-decliners-185741507.html
CRWD,https://finance.yahoo.com/news/crowdstrike-acquire-ai-security-firm-170325159.html
DDOG,https://finance.yahoo.com/news/datadog-insider-sold-shares-worth-214933011.html
WBD,https://finance.yahoo.com/news/warner-bros-discovery-insider-sold-214845070.html
WBD,https://finance.yahoo.com/news/p-500-nasdaq-fall-record-210143095.html
WBD,https://finance.yahoo.com/news/us-equity-indexes-lower-ahead-203421518.html
WBD,https://finance.yahoo.com/news/us-equity-markets-end-lower-202706795.html
WBD,https://finance.yahoo.com/news/us-equity-indexes-lower-ahead-194438473.html
WBD,https://finance.yahoo.com/news/top-midday-decliners-185741507.html
WBD,https://finance.yahoo.com/news/equities-mostly-fall-intraday-fed-180508678.html
TEAM,https://finance.yahoo.com/news/atlassian-insider-sold-shares-worth-210152567.html
TEAM,https://finance.yahoo.com/news/atlassian-insider-sold-shares-worth-210130573.html
TEAM,https://finance.yahoo.com/news/atlassian-insider-sold-shares-worth-201649696.html
NVDA,https://finance.yahoo.com/news/china-bans-tech-companies-buying-085851004.html
NVDA,https://finance.yahoo.com/news/nvidia-insider-sold-shares-worth-075842264.html
AVGO,https://finance.yahoo.com/news/broadcom-lloyds-banking-group-expand-075830415.html
WDAY,https://finance.yahoo.com/news/piper-sandler-upgrades-workday-neutral-091850810.html
NVDA,https://finance.yahoo.com/news/exchange-traded-funds-lower-equity-125147575.html
MSFT,https://finance.yahoo.com/news/nvidia-microsoft-among-us-tech-104718806.html
AAPL,https://finance.yahoo.com/news/tigress-financial-raises-price-target-123703125.html
AAPL,https://finance.yahoo.com/news/apple-apos-iphone-sales-decline-115359163.html
AMZN,https://finance.yahoo.com/news/amazon-says-employees-apos-basic-140225569.html
AMZN,https://finance.yahoo.com/news/amazon-says-employees-apos-basic-132147720.html
GOOGL,https://finance.yahoo.com/news/lyft-alphabet-apos-waymo-launch-133856416.html
GOOG,https://finance.yahoo.com/news/lyft-alphabet-apos-waymo-launch-133856416.html
TSLA,https://finance.yahoo.com/news/dbs-bank-adjusts-tesla-price-142926811.html
TSLA,https://finance.yahoo.com/news/social-buzz-wallstreetbets-stocks-mixed-104508760.html
NFLX,https://finance.yahoo.com/news/loop-capital-upgrades-netflix-buy-102956690.html
AZN,https://finance.yahoo.com/news/sector-health-care-stocks-rise-131645283.html
AZN,https://finance.yahoo.com/news/market-chatter-pharmaceutical-firms-pledge-125040203.html
AZN,https://finance.yahoo.com/news/astrazeneca-says-phase-3-trial-113635220.html
MU,https://finance.yahoo.com/news/susquehanna-adjusts-price-target-micron-104932100.html
MU,https://finance.yahoo.com/news/wolfe-research-adjusts-pt-micron-104844698.html
GOOGL,https://finance.yahoo.com/news/top-midday-stories-markets-await-154421589.html
GOOGL,https://finance.yahoo.com/news/market-chatter-google-set-data-152422644.html
GOOG,https://finance.yahoo.com/news/top-midday-stories-markets-await-154421589.html
GOOG,https://finance.yahoo.com/news/market-chatter-google-set-data-152422644.html
AZN,https://finance.yahoo.com/news/top-midday-stories-markets-await-154421589.html
PANW,https://finance.yahoo.com/news/citic-adjusts-price-target-palo-103700665.html
ADP,https://finance.yahoo.com/news/ubs-adjusts-price-target-automatic-140403943.html
INTC,https://finance.yahoo.com/news/nokia-intel-others-launch-private-130748654.html
INTC,https://finance.yahoo.com/news/nokia-creates-2-technology-corporate-121411941.html
CRWD,https://finance.yahoo.com/news/mizuho-adjusts-price-target-crowdstrike-111046519.html
WDAY,https://finance.yahoo.com/news/us-equity-indexes-mixed-ahead-161018476.html
WDAY,https://finance.yahoo.com/news/top-midday-stories-markets-await-154421589.html
WDAY,https://finance.yahoo.com/news/workday-likely-able-achieve-medium-152456169.html
WDAY,https://finance.yahoo.com/news/ubs-adjusts-price-target-workday-140359610.html
WDAY,https://finance.yahoo.com/news/sector-tech-stocks-decline-pre-131150881.html
WDAY,https://finance.yahoo.com/news/sector-tech-125126742.html
WDAY,https://finance.yahoo.com/news/workday-says-board-authorizes-4-120613272.html
WDAY,https://finance.yahoo.com/news/td-cowen-adjusts-price-target-110414093.html
WDAY,https://finance.yahoo.com/news/guggenheim-upgrades-workday-buy-neutral-104912954.html
REGN,https://finance.yahoo.com/news/regeneron-says-antibody-combo-may-143557477.html
REGN,https://finance.yahoo.com/news/regeneron-pharmaceuticals-apos-phase-3-114813197.html
PAYX,https://finance.yahoo.com/news/ubs-adjusts-price-target-paychex-140410356.html
BKR,https://finance.yahoo.com/news/baker-hughes-wins-petrobras-contract-115845750.html
KDP,https://finance.yahoo.com/news/piper-sandler-adjusts-pt-keurig-111301705.html
VRSK,https://finance.yahoo.com/news/rothschild-co-redburn-adjusts-verisk-152850006.html
VRSK,https://finance.yahoo.com/news/wells-fargo-adjusts-price-target-100405651.html
NVDA,https://finance.yahoo.com/news/equities-mixed-traders-parse-powell-205535136.html
MSFT,https://finance.yahoo.com/news/equities-mixed-traders-parse-powell-205535136.html
MSFT,https://finance.yahoo.com/news/sector-tech-stocks-mixed-afternoon-194954406.html
MSFT,https://finance.yahoo.com/news/sector-tech-192454424.html
MSFT,https://finance.yahoo.com/news/equity-markets-mixed-ahead-fed-174641972.html
MSFT,https://finance.yahoo.com/news/market-chatter-reddit-talks-content-164149070.html
MSFT,https://finance.yahoo.com/news/workday-poised-achieve-medium-term-163703823.html
AVGO,https://finance.yahoo.com/news/broadcom-insider-sold-shares-worth-211353412.html
GOOGL,https://finance.yahoo.com/news/us-equity-indexes-mixed-fed-202635172.html
GOOGL,https://finance.yahoo.com/news/google-paypal-announce-multiyear-partnership-202223519.html
GOOGL,https://finance.yahoo.com/news/us-equity-markets-end-mixed-201324582.html
GOOGL,https://finance.yahoo.com/news/us-equity-indexes-mixed-following-194651955.html
GOOGL,https://finance.yahoo.com/news/top-midday-gainers-185345220.html
GOOGL,https://finance.yahoo.com/news/sector-tech-stocks-mixed-wednesday-174752643.html
GOOGL,https://finance.yahoo.com/news/sector-consumer-stocks-mixed-afternoon-174152411.html
GOOG,https://finance.yahoo.com/news/us-equity-indexes-mixed-fed-202635172.html
GOOG,https://finance.yahoo.com/news/google-paypal-announce-multiyear-partnership-202223519.html
GOOG,https://finance.yahoo.com/news/us-equity-markets-end-mixed-201324582.html
GOOG,https://finance.yahoo.com/news/sector-tech-stocks-mixed-afternoon-194954406.html
GOOG,https://finance.yahoo.com/news/us-equity-indexes-mixed-following-194651955.html
GOOG,https://finance.yahoo.com/news/top-midday-gainers-185345220.html
GOOG,https://finance.yahoo.com/news/sector-tech-stocks-mixed-wednesday-174752643.html
GOOG,https://finance.yahoo.com/news/sector-consumer-stocks-mixed-afternoon-174152411.html
AMD,https://finance.yahoo.com/news/advanced-micro-devices-insider-sold-201959504.html
AZN,https://finance.yahoo.com/news/sector-health-care-stocks-edge-195633032.html
AZN,https://finance.yahoo.com/news/sector-health-care-stocks-higher-175955106.html
INTC,https://finance.yahoo.com/news/albertsons-companies-names-board-chairman-212317326.html
PYPL,https://finance.yahoo.com/news/google-paypal-announce-multiyear-partnership-202223519.html
WDAY,https://finance.yahoo.com/news/equities-mixed-traders-parse-powell-205535136.html
WDAY,https://finance.yahoo.com/news/us-equity-indexes-mixed-fed-202635172.html
WDAY,https://finance.yahoo.com/news/us-equity-markets-end-mixed-201324582.html
WDAY,https://finance.yahoo.com/news/sector-tech-stocks-mixed-afternoon-194954406.html
WDAY,https://finance.yahoo.com/news/top-midday-gainers-185345220.html
WDAY,https://finance.yahoo.com/news/sector-tech-stocks-mixed-wednesday-174752643.html
WDAY,https://finance.yahoo.com/news/equity-markets-mixed-ahead-fed-174641972.html
WDAY,https://finance.yahoo.com/news/us-equity-indexes-mixed-investors-164952176.html
WDAY,https://finance.yahoo.com/news/workday-poised-achieve-medium-term-163703823.html
REGN,https://finance.yahoo.com/news/sector-health-care-stocks-edge-195633032.html
REGN,https://finance.yahoo.com/news/sector-health-care-stocks-higher-175955106.html
BKR,https://finance.yahoo.com/news/sector-energy-stocks-advance-afternoon-200005827.html
BKR,https://finance.yahoo.com/news/sector-energy-stocks-higher-afternoon-180221616.html
BIIB,https://finance.yahoo.com/news/biogen-gets-eu-approval-postpartum-211457650.html
NVDA,https://finance.yahoo.com/news/sector-tech-stocks-rise-pre-130717578.html
NVDA,https://finance.yahoo.com/news/sector-tech-125102295.html
NVDA,https://finance.yahoo.com/news/exchange-traded-funds-equity-futures-124836826.html
NVDA,https://finance.yahoo.com/news/top-premarket-gainers-121106033.html
AAPL,https://finance.yahoo.com/news/blackberry-becomes-first-mdm-vendor-122506623.html
AAPL,https://finance.yahoo.com/news/blackberry-secures-german-bsi-certification-114536994.html
AMZN,https://finance.yahoo.com/news/genius-sports-acquires-sports-innovation-125251820.html
AMZN,https://finance.yahoo.com/news/market-chatter-meta-platforms-talks-120649028.html
AMZN,https://finance.yahoo.com/news/market-chatter-amazon-com-breached-113120682.html
META,https://finance.yahoo.com/news/market-chatter-meta-platforms-talks-120649028.html
META,https://finance.yahoo.com/news/garmin-collaborating-meta-offer-fitness-114127524.html
META,https://finance.yahoo.com/news/meta-unveils-smart-glasses-built-110657581.html
NVDA,https://finance.yahoo.com/news/sector-tech-170007926.html
NVDA,https://finance.yahoo.com/news/top-midday-gainers-165757021.html
NVDA,https://finance.yahoo.com/news/us-equity-indexes-scale-peaks-164351062.html
NVDA,https://finance.yahoo.com/news/us-equity-indexes-touch-record-162000122.html
NVDA,https://finance.yahoo.com/news/microsoft-invest-4-billion-second-155005720.html
MSFT,https://finance.yahoo.com/news/microsoft-invest-4-billion-second-155005720.html
AMZN,https://finance.yahoo.com/news/amazon-expands-fulfillment-network-ship-142331153.html
AVGO,https://finance.yahoo.com/news/stocks-gain-pre-bell-fed-113043449.html
GOOGL,https://finance.yahoo.com/news/sector-tech-stocks-climb-thursday-173218000.html
GOOGL,https://finance.yahoo.com/news/google-adds-gemini-ai-model-171820060.html
GOOGL,https://finance.yahoo.com/news/lyft-apos-partnership-waymo-raises-151434200.html
GOOG,https://finance.yahoo.com/news/sector-tech-stocks-climb-thursday-173218000.html
GOOG,https://finance.yahoo.com/news/google-adds-gemini-ai-model-171820060.html
GOOG,https://finance.yahoo.com/news/lyft-apos-partnership-waymo-raises-151434200.html
TSLA,https://finance.yahoo.com/news/market-chatter-tesla-redesign-door-104947598.html
TSLA,https://finance.yahoo.com/news/social-buzz-wallstreetbets-stocks-advance-104013001.html
TSLA,https://finance.yahoo.com/news/goldman-sachs-adjusts-price-target-092539868.html
TSLA,https://finance.yahoo.com/news/cicc-adjusts-price-target-tesla-092524340.html
COST,https://finance.yahoo.com/news/costco-q4-likely-faces-limited-161611987.html
PLTR,https://finance.yahoo.com/news/sector-tech-stocks-climb-thursday-173218000.html
PLTR,https://finance.yahoo.com/news/sector-tech-stocks-rise-pre-130717578.html
PLTR,https://finance.yahoo.com/news/market-chatter-palantir-technologies-invest-110405100.html
AZN,https://finance.yahoo.com/news/european-equities-traded-us-american-152058589.html
AZN,https://finance.yahoo.com/news/alnylam-joins-alliance-genomic-discovery-143314953.html
AZN,https://finance.yahoo.com/news/astrazeneca-says-fda-approves-airsupra-120840123.html
SHOP,https://finance.yahoo.com/news/amazon-expands-fulfillment-network-ship-142331153.html
INTU,https://finance.yahoo.com/news/intuit-reiterates-q1-fiscal-2026-140342575.html
INTU,https://finance.yahoo.com/news/intuit-reiterates-q1-fiscal-2026-133614473.html
MU,https://finance.yahoo.com/news/wedbush-raises-price-target-micron-104049270.html
QCOM,https://finance.yahoo.com/news/adobe-genstudio-selected-qualcomm-enhance-134000607.html
AMGN,https://finance.yahoo.com/news/alnylam-joins-alliance-genomic-discovery-143314953.html
ADBE,https://finance.yahoo.com/news/adobe-genstudio-selected-qualcomm-enhance-134000607.html
ADBE,https://finance.yahoo.com/news/american-express-expands-consumer-business-121100267.html
ADBE,https://finance.yahoo.com/news/cicc-adjusts-price-target-adobe-100715023.html
HON,https://finance.yahoo.com/news/boeing-honeywell-reportedly-facing-lawsuit-092503610.html
MELI,https://finance.yahoo.com/news/market-chatter-mercadolibre-apos-mercado-105423160.html
INTC,https://finance.yahoo.com/news/sector-tech-stocks-climb-thursday-173218000.html
INTC,https://finance.yahoo.com/news/sector-tech-170007926.html
INTC,https://finance.yahoo.com/news/top-midday-gainers-165757021.html
INTC,https://finance.yahoo.com/news/us-equity-indexes-scale-peaks-164351062.html
INTC,https://finance.yahoo.com/news/us-equity-indexes-touch-record-162000122.html
DASH,https://finance.yahoo.com/news/deliveroo-ceo-shu-step-down-114439731.html
CRWD,https://finance.yahoo.com/news/top-midday-gainers-165757021.html
CRWD,https://finance.yahoo.com/news/crowdstrike-apos-fy27-nnarr-growth-150036394.html
CRWD,https://finance.yahoo.com/news/baird-adjusts-price-target-crowdstrike-142438691.html
CRWD,https://finance.yahoo.com/news/evercore-isi-adjusts-price-target-133513818.html
CRWD,https://finance.yahoo.com/news/needham-adjusts-price-target-crowdstrike-122949369.html
CRWD,https://finance.yahoo.com/news/roth-capital-adjusts-price-target-113617685.html
CRWD,https://finance.yahoo.com/news/stephens-adjusts-price-target-crowdstrike-113608100.html
CRWD,https://finance.yahoo.com/news/deutsche-bank-lifts-price-target-112938154.html
VRTX,https://finance.yahoo.com/news/vertex-pharmaceuticals-signs-reimbursement-deal-132958286.html
MAR,https://finance.yahoo.com/news/argus-research-adjusts-marriott-international-121416873.html
PYPL,https://finance.yahoo.com/news/stocks-gain-pre-bell-fed-113043449.html
CSX,https://finance.yahoo.com/news/csx-well-positioned-benefit-potential-153250265.html
CSX,https://finance.yahoo.com/news/rbc-capital-upgrades-csx-outperform-092142016.html
WDAY,https://finance.yahoo.com/news/da-davidson-adjusts-price-target-133506265.html
WDAY,https://finance.yahoo.com/news/workday-board-authorizes-4-billion-085808194.html
TEAM,https://finance.yahoo.com/news/atlassian-buy-dx-1-billion-132603754.html
TEAM,https://finance.yahoo.com/news/atlassian-insider-sold-shares-worth-082926990.html
TEAM,https://finance.yahoo.com/news/atlassian-insider-sold-shares-worth-082743248.html
ZS,https://finance.yahoo.com/news/zscaler-insider-sold-shares-worth-075406488.html
ZS,https://finance.yahoo.com/news/zscaler-insider-sold-shares-worth-075248570.html
ZS,https://finance.yahoo.com/news/zscaler-insider-sold-shares-worth-075042472.html
ZS,https://finance.yahoo.com/news/zscaler-insider-sold-shares-worth-074506762.html
GEHC,https://finance.yahoo.com/news/market-chatter-ge-healthcare-technologies-114235515.html
TTD,https://finance.yahoo.com/news/genius-sports-acquires-sports-innovation-125251820.html
BIIB,https://finance.yahoo.com/news/biogen-acquire-alcyone-therapeutics-initial-123554026.html
MSFT,https://finance.yahoo.com/news/sector-tech-stocks-gain-afternoon-195659673.html
MSFT,https://finance.yahoo.com/news/microsoft-invest-4-billion-build-194249166.html
GOOGL,https://finance.yahoo.com/news/sector-tech-stocks-gain-afternoon-195659673.html
GOOG,https://finance.yahoo.com/news/sector-tech-stocks-gain-afternoon-195659673.html
COST,https://finance.yahoo.com/news/costco-poised-earnings-miss-amid-182707299.html
PLTR,https://finance.yahoo.com/news/sector-tech-stocks-gain-afternoon-195659673.html
MU,https://finance.yahoo.com/news/bernstein-raises-price-target-micron-184440963.html
MU,https://finance.yahoo.com/news/wedbush-raises-price-target-micron-184359261.html
INTC,https://finance.yahoo.com/news/wall-street-hits-peaks-tech-210627024.html
PYPL,https://finance.yahoo.com/news/market-chatter-pine-labs-plans-195042998.html
TEAM,https://finance.yahoo.com/news/atlassian-insider-sold-shares-worth-203356648.html
AAPL,https://finance.yahoo.com/news/market-chatter-apple-uses-ai-133951211.html
AAPL,https://finance.yahoo.com/news/sector-tech-stocks-flat-higher-130939901.html
AAPL,https://finance.yahoo.com/news/sector-tech-125636359.html
AMZN,https://finance.yahoo.com/news/amazon-teams-winn-dixie-same-094311339.html
META,https://finance.yahoo.com/news/china-merchants-adjusts-price-target-111258949.html
AVGO,https://finance.yahoo.com/news/broadcom-insider-sold-shares-worth-072658265.html
AVGO,https://finance.yahoo.com/news/broadcom-insider-sold-shares-worth-072114355.html
GOOGL,https://finance.yahoo.com/news/market-chatter-alphabet-apos-google-133427668.html
GOOGL,https://finance.yahoo.com/news/citizens-adjusts-price-target-alphabet-093330585.html
GOOG,https://finance.yahoo.com/news/market-chatter-alphabet-apos-google-133427668.html
GOOG,https://finance.yahoo.com/news/citizens-adjusts-price-target-alphabet-093330585.html
TSLA,https://finance.yahoo.com/news/social-buzz-wallstreetbets-stocks-mostly-103746914.html
TSLA,https://finance.yahoo.com/news/baird-upgrades-tesla-outperform-neutral-093417777.html
AMD,https://finance.yahoo.com/news/president-capital-adjusts-pt-advanced-115950418.html
AMD,https://finance.yahoo.com/news/social-buzz-wallstreetbets-stocks-mostly-103746914.html
INTU,https://finance.yahoo.com/news/intuit-core-business-positioned-well-145108980.html
MU,https://finance.yahoo.com/news/td-cowen-adjusts-micron-technology-115512149.html
MU,https://finance.yahoo.com/news/barclays-adjusts-micron-technology-price-112501243.html
AMGN,https://finance.yahoo.com/news/amgen-apos-uplizna-receives-european-135448614.html
AMGN,https://finance.yahoo.com/news/organon-shanghai-henlius-eu-approves-103432647.html
INTC,https://finance.yahoo.com/news/northland-securities-adjusts-intel-price-131218329.html
INTC,https://finance.yahoo.com/news/street-research-adjusts-intel-price-131208267.html
CRWD,https://finance.yahoo.com/news/canaccord-genuity-adjusts-price-target-120855411.html
CRWD,https://finance.yahoo.com/news/macquarie-adjusts-price-target-crowdstrike-111244175.html
CRWD,https://finance.yahoo.com/news/goldman-sachs-adjusts-price-target-105034785.html
BKR,https://finance.yahoo.com/news/wall-street-set-open-slightly-132547166.html
BKR,https://finance.yahoo.com/news/exchange-traded-funds-higher-equity-123924283.html
BKR,https://finance.yahoo.com/news/equities-settle-record-highs-us-121013619.html
BKR,https://finance.yahoo.com/news/trump-xi-phone-call-steadies-111537888.html
KDP,https://finance.yahoo.com/news/sector-consumer-stocks-edge-higher-131528970.html
KDP,https://finance.yahoo.com/news/keurig-dr-pepper-jde-peet-105735588.html
LULU,https://finance.yahoo.com/news/dbs-bank-adjusts-price-target-105358766.html
NVDA,https://finance.yahoo.com/news/equities-hit-highs-wall-street-210723327.html
MSFT,https://finance.yahoo.com/news/sector-tech-stocks-mixed-afternoon-195436753.html
MSFT,https://finance.yahoo.com/news/microsoft-raise-us-xbox-console-193904608.html
MSFT,https://finance.yahoo.com/news/sector-tech-stocks-mixed-friday-173536095.html
MSFT,https://finance.yahoo.com/news/market-chatter-microsoft-backed-openai-153840995.html
AAPL,https://finance.yahoo.com/news/equities-hit-highs-wall-street-210723327.html
AAPL,https://finance.yahoo.com/news/us-equity-indexes-higher-us-201101130.html
AAPL,https://finance.yahoo.com/news/sector-tech-stocks-mixed-afternoon-195436753.html
AAPL,https://finance.yahoo.com/news/us-equity-indexes-higher-easing-194002954.html
AAPL,https://finance.yahoo.com/news/equities-rise-intraday-trump-upbeat-181539749.html
META,https://finance.yahoo.com/news/market-chatter-oracle-exploring-20-203856097.html
GOOGL,https://finance.yahoo.com/news/p-500-posts-third-consecutive-204513904.html
GOOGL,https://finance.yahoo.com/news/sector-tech-stocks-mixed-afternoon-195436753.html
GOOGL,https://finance.yahoo.com/news/sector-tech-stocks-mixed-friday-173536095.html
GOOGL,https://finance.yahoo.com/news/market-chatter-alphabet-apos-google-154834041.html
GOOGL,https://finance.yahoo.com/news/top-midday-stories-apple-iphone-153950010.html
GOOG,https://finance.yahoo.com/news/sector-tech-stocks-mixed-afternoon-195436753.html
GOOG,https://finance.yahoo.com/news/sector-tech-stocks-mixed-friday-173536095.html
GOOG,https://finance.yahoo.com/news/market-chatter-alphabet-apos-google-154834041.html
GOOG,https://finance.yahoo.com/news/top-midday-stories-apple-iphone-153950010.html
AMGN,https://finance.yahoo.com/news/sector-health-care-stocks-mixed-200250877.html
AMGN,https://finance.yahoo.com/news/sector-health-care-stocks-mixed-175533873.html
AMGN,https://finance.yahoo.com/news/sector-health-care-172616893.html
ADI,https://finance.yahoo.com/news/analog-devices-insider-sold-shares-203741863.html
INTC,https://finance.yahoo.com/news/equities-hit-highs-wall-street-210723327.html
INTC,https://finance.yahoo.com/news/p-500-posts-third-consecutive-204513904.html
INTC,https://finance.yahoo.com/news/gf-securities-adjusts-intel-price-185547555.html
DDOG,https://finance.yahoo.com/news/datadog-insider-sold-shares-worth-202217830.html
BKR,https://finance.yahoo.com/news/us-equity-indexes-hit-record-202434630.html
BKR,https://finance.yahoo.com/news/us-equity-indexes-higher-easing-194002954.html
BKR,https://finance.yahoo.com/news/oil-rig-count-rises-2-193758357.html
MSFT,https://finance.yahoo.com/news/companies-rush-issue-emergency-guidance-115837502.html
AMZN,https://finance.yahoo.com/news/companies-rush-issue-emergency-guidance-115837502.html
NVDA,https://finance.yahoo.com/news/nvidia-insider-sold-shares-worth-082353232.html
NVDA,https://finance.yahoo.com/news/market-chatter-nvidia-technology-innovation-081933187.html
NVDA,https://finance.yahoo.com/news/nvidia-insider-sold-shares-worth-072245957.html
AAPL,https://finance.yahoo.com/news/wedbush-raises-pt-apple-310-092325997.html
GOOGL,https://finance.yahoo.com/news/baird-adjusts-price-target-alphabet-092434018.html
GOOG,https://finance.yahoo.com/news/baird-adjusts-price-target-alphabet-092434018.html
TSLA,https://finance.yahoo.com/news/piper-sandler-adjusts-price-target-092413634.html
MU,https://finance.yahoo.com/news/stifel-adjusts-price-target-micron-093738913.html
MU,https://finance.yahoo.com/news/morgan-stanley-adjusts-pt-micron-093733715.html
LRCX,https://finance.yahoo.com/news/morgan-stanley-upgrades-lam-research-095039994.html
AMAT,https://finance.yahoo.com/news/morgan-stanley-upgrades-applied-materials-095101579.html
KLAC,https://finance.yahoo.com/news/morgan-stanley-downgrades-kla-equalweight-095017700.html
REGN,https://finance.yahoo.com/news/sanofi-regeneron-potential-chronic-spontaneous-080646802.html
TEAM,https://finance.yahoo.com/news/atlassian-insider-sold-shares-worth-081956295.html
XEL,https://finance.yahoo.com/news/bmo-capital-upgrades-xcel-energy-092500025.html
VRSK,https://finance.yahoo.com/news/autonomous-research-adjusts-pt-verisk-100334640.html
NVDA,https://finance.yahoo.com/news/nvidia-reportedly-approves-samsung-apos-103156811.html
MSFT,https://finance.yahoo.com/news/market-chatter-tech-finance-companies-105248114.html
AMZN,https://finance.yahoo.com/news/market-chatter-tech-finance-companies-105248114.html
AMZN,https://finance.yahoo.com/news/amazon-launch-whole-foods-private-101337177.html
GOOG,https://finance.yahoo.com/news/market-chatter-tech-finance-companies-105248114.html
TSLA,https://finance.yahoo.com/news/social-buzz-wallstreetbets-stocks-mixed-104227969.html
NFLX,https://finance.yahoo.com/news/market-chatter-tech-finance-companies-105248114.html
MU,https://finance.yahoo.com/news/social-buzz-wallstreetbets-stocks-mixed-104227969.html
CMCSA,https://finance.yahoo.com/news/loop-capital-adjusts-price-target-102156472.html
CEG,https://finance.yahoo.com/news/scotiabank-initiates-constellation-energy-sector-110200815.html
WDAY,https://finance.yahoo.com/news/daiwa-securities-adjusts-price-target-102259849.html
PAYX,https://finance.yahoo.com/news/stifel-adjusts-price-target-paychex-105234005.html
WBD,https://finance.yahoo.com/news/moffettnathanson-raises-price-target-warner-105913424.html
FANG,https://finance.yahoo.com/news/bmo-capital-adjusts-pt-diamondback-104049001.html
KDP,https://finance.yahoo.com/news/bnp-paribas-exane-downgrades-keurig-110135754.html
NVDA,https://finance.yahoo.com/news/nvidia-technology-innovation-institute-launch-131235542.html
AMZN,https://finance.yahoo.com/news/oracle-promotes-execs-co-ceos-143334384.html
AMZN,https://finance.yahoo.com/news/market-chatter-alibaba-apos-aliexpress-110004023.html
META,https://finance.yahoo.com/news/meta-apos-ai-system-llama-125653312.html
META,https://finance.yahoo.com/news/market-chatter-meta-apos-ai-111916926.html
GOOGL,https://finance.yahoo.com/news/truist-securities-adjusts-price-target-112018079.html
GOOG,https://finance.yahoo.com/news/truist-securities-adjusts-price-target-112018079.html
NFLX,https://finance.yahoo.com/news/ab-inbev-netflix-form-global-123502428.html
COST,https://finance.yahoo.com/news/stocks-decline-pre-bell-investors-112156673.html
COST,https://finance.yahoo.com/news/us-equity-investors-focus-fed-111847965.html
AZN,https://finance.yahoo.com/news/astrazeneca-sophia-genetics-expand-cancer-124714778.html
MU,https://finance.yahoo.com/news/stocks-decline-pre-bell-investors-112156673.html
CTAS,https://finance.yahoo.com/news/stocks-decline-pre-bell-investors-112156673.html
MSFT,https://finance.yahoo.com/news/equity-benchmarks-reach-fresh-peaks-205657722.html
MSFT,https://finance.yahoo.com/news/us-equity-indexes-higher-tech-202906733.html
MSFT,https://finance.yahoo.com/news/us-equity-markets-extend-rallies-202206151.html
MSFT,https://finance.yahoo.com/news/us-equity-indexes-rise-lifted-193755005.html
MSFT,https://finance.yahoo.com/news/nvidia-plans-invest-100-billion-192652644.html
MSFT,https://finance.yahoo.com/news/equities-rise-intraday-markets-parse-182606260.html
AAPL,https://finance.yahoo.com/news/us-equity-indexes-higher-tech-202906733.html
AAPL,https://finance.yahoo.com/news/us-equity-indexes-rise-lifted-193755005.html
AMZN,https://finance.yahoo.com/news/sector-consumer-stocks-decline-afternoon-194527861.html
AMZN,https://finance.yahoo.com/news/sector-consumer-stocks-decline-afternoon-174445909.html
AMZN,https://finance.yahoo.com/news/sector-consumer-171222368.html
GOOGL,https://finance.yahoo.com/news/alphabet-apos-google-brings-gemini-174840665.html
GOOG,https://finance.yahoo.com/news/alphabet-apos-google-brings-gemini-174840665.html
TMUS,https://finance.yahoo.com/news/top-midday-stories-pfizer-acquire-153116162.html
TMUS,https://finance.yahoo.com/news/t-mobile-us-appoints-srini-112522476.html
AZN,https://finance.yahoo.com/news/sector-health-care-stocks-advance-195410584.html
AZN,https://finance.yahoo.com/news/sector-health-care-stocks-edge-174148349.html
MU,https://finance.yahoo.com/news/micron-technology-insider-sold-shares-213651049.html
LRCX,https://finance.yahoo.com/news/lam-research-stock-rises-morgan-184059923.html
AMAT,https://finance.yahoo.com/news/applied-materials-shares-rise-morgan-183633541.html
INTC,https://finance.yahoo.com/news/nvidia-plans-invest-100-billion-192652644.html
PYPL,https://finance.yahoo.com/news/sector-financial-stocks-softer-monday-175438006.html
PYPL,https://finance.yahoo.com/news/paypal-gets-letter-house-select-170849873.html
KDP,https://finance.yahoo.com/news/sector-consumer-stocks-decline-afternoon-194527861.html
KDP,https://finance.yahoo.com/news/sector-consumer-192447777.html
KDP,https://finance.yahoo.com/news/keurig-dr-pepper-shares-fall-185953415.html
NVDA,https://finance.yahoo.com/news/nvidia-insider-sold-shares-worth-073319859.html
PLTR,https://finance.yahoo.com/news/palantir-technologies-insider-sold-shares-073556204.html
CSCO,https://finance.yahoo.com/news/cisco-systems-insider-sold-shares-074650772.html
NVDA,https://finance.yahoo.com/news/stock-futures-mostly-edge-lower-112905771.html
NVDA,https://finance.yahoo.com/news/wolfe-research-adjusts-price-target-112854216.html
NVDA,https://finance.yahoo.com/news/market-chatter-nvidia-apos-partnership-112827999.html
MSFT,https://finance.yahoo.com/news/market-chatter-european-union-scrutinize-115006760.html
MSFT,https://finance.yahoo.com/news/stock-futures-mostly-edge-lower-112905771.html
MSFT,https://finance.yahoo.com/news/market-chatter-nvidia-apos-partnership-112827999.html
MSFT,https://finance.yahoo.com/news/market-chatter-tech-finance-companies-103655892.html
MSFT,https://finance.yahoo.com/news/eu-targets-apple-google-microsoft-102625610.html
AAPL,https://finance.yahoo.com/news/market-chatter-european-union-scrutinize-115006760.html
AAPL,https://finance.yahoo.com/news/apple-us-bank-settlements-consumer-105923925.html
AAPL,https://finance.yahoo.com/news/eu-targets-apple-google-microsoft-102625610.html
AMZN,https://finance.yahoo.com/news/market-chatter-amazon-com-trial-112122866.html
AMZN,https://finance.yahoo.com/news/market-chatter-tech-finance-companies-103655892.html
AMZN,https://finance.yahoo.com/news/amazon-com-files-lawsuit-challenging-101300585.html
META,https://finance.yahoo.com/news/social-media-outlets-lose-bid-101947294.html
META,https://finance.yahoo.com/news/president-capital-adjusts-price-target-092533319.html
GOOGL,https://finance.yahoo.com/news/market-chatter-european-union-scrutinize-115006760.html
GOOGL,https://finance.yahoo.com/news/eu-targets-apple-google-microsoft-102625610.html
GOOGL,https://finance.yahoo.com/news/social-media-outlets-lose-bid-101947294.html
GOOG,https://finance.yahoo.com/news/market-chatter-european-union-scrutinize-115006760.html
GOOG,https://finance.yahoo.com/news/market-chatter-tech-finance-companies-103655892.html
GOOG,https://finance.yahoo.com/news/eu-targets-apple-google-microsoft-102625610.html
GOOG,https://finance.yahoo.com/news/social-media-outlets-lose-bid-101947294.html
TSLA,https://finance.yahoo.com/news/tesla-pick-week-smart-insider-125107530.html
TSLA,https://finance.yahoo.com/news/social-buzz-wallstreetbets-stocks-mixed-104556701.html
TSLA,https://finance.yahoo.com/news/mizuho-adjusts-price-target-tesla-092610537.html
NFLX,https://finance.yahoo.com/news/market-chatter-tech-finance-companies-103655892.html
INTU,https://finance.yahoo.com/news/rothschild-co-redburn-adjusts-price-094947715.html
BKNG,https://finance.yahoo.com/news/market-chatter-european-union-scrutinize-115006760.html
BKNG,https://finance.yahoo.com/news/eu-targets-apple-google-microsoft-102625610.html
MU,https://finance.yahoo.com/news/stock-futures-mostly-edge-lower-112905771.html
MU,https://finance.yahoo.com/news/social-buzz-wallstreetbets-stocks-mixed-104556701.html
LRCX,https://finance.yahoo.com/news/keybanc-downgrades-lam-research-sector-092418574.html
AMAT,https://finance.yahoo.com/news/keybanc-adjusts-price-target-applied-094202759.html
WDAY,https://finance.yahoo.com/news/rothschild-co-redburn-adjusts-price-095004358.html
TEAM,https://finance.yahoo.com/news/bofa-securities-initiates-atlassian-neutral-103324045.html
ON,https://finance.yahoo.com/news/onsemi-acquire-aura-semiconductor-apos-102809665.html
LULU,https://finance.yahoo.com/news/baird-downgrades-lululemon-athletica-neutral-092440737.html
NVDA,https://finance.yahoo.com/news/nvidia-may-generate-300-billion-144956109.html
NVDA,https://finance.yahoo.com/news/nvidia-openai-apos-partnership-another-144847981.html
MSFT,https://finance.yahoo.com/news/nvidia-may-generate-300-billion-144956109.html
MSFT,https://finance.yahoo.com/news/market-chatter-european-union-scrutinize-135507453.html
AAPL,https://finance.yahoo.com/news/market-chatter-european-union-scrutinize-135507453.html
AMZN,https://finance.yahoo.com/news/amazon-plans-shut-down-14-134618662.html
AVGO,https://finance.yahoo.com/news/nvidia-may-generate-300-billion-144956109.html
GOOGL,https://finance.yahoo.com/news/alphabet-apos-google-launches-live-141218941.html
GOOGL,https://finance.yahoo.com/news/market-chatter-european-union-scrutinize-135507453.html
GOOG,https://finance.yahoo.com/news/alphabet-apos-google-launches-live-141218941.html
GOOG,https://finance.yahoo.com/news/market-chatter-european-union-scrutinize-135507453.html
PLTR,https://finance.yahoo.com/news/palantir-technologies-leveraging-ai-expand-145809707.html
PLTR,https://finance.yahoo.com/news/bofa-raises-pt-palantir-technologies-144821024.html
PLTR,https://finance.yahoo.com/news/bofa-raises-price-target-palantir-141155563.html
AMD,https://finance.yahoo.com/news/nvidia-may-generate-300-billion-144956109.html
BKNG,https://finance.yahoo.com/news/market-chatter-european-union-scrutinize-135507453.html
MAR,https://finance.yahoo.com/news/marriott-hawkins-way-capital-sign-134759605.html
NVDA,https://finance.yahoo.com/news/nvidia-could-see-400-billion-161534215.html
MSFT,https://finance.yahoo.com/news/nvidia-could-see-400-billion-161534215.html
MSFT,https://finance.yahoo.com/news/microsoft-develops-chip-cooling-system-161423535.html
META,https://finance.yahoo.com/news/market-chatter-meta-platforms-launches-160057392.html
META,https://finance.yahoo.com/news/oracle-apos-gpu-deals-redefining-153515316.html
LRCX,https://finance.yahoo.com/news/lam-research-apos-share-price-154538960.html
AMAT,https://finance.yahoo.com/news/lam-research-apos-share-price-154538960.html
NVDA,https://finance.yahoo.com/news/nvidia-insider-sold-shares-worth-212754808.html
NVDA,https://finance.yahoo.com/news/nvidia-insider-sold-shares-worth-212326962.html
NVDA,https://finance.yahoo.com/news/equities-snap-3-day-record-205601087.html
MSFT,https://finance.yahoo.com/news/equities-snap-3-day-record-205601087.html
MSFT,https://finance.yahoo.com/news/constellation-energy-says-restart-crane-191403382.html
MSFT,https://finance.yahoo.com/news/market-chatter-eu-set-examine-173001347.html
AAPL,https://finance.yahoo.com/news/market-chatter-eu-set-examine-173001347.html
AMZN,https://finance.yahoo.com/news/sector-consumer-stocks-mixed-afternoon-194823646.html
META,https://finance.yahoo.com/news/sector-tech-stocks-retreat-afternoon-200000804.html
META,https://finance.yahoo.com/news/sector-tech-stocks-mixed-tuesday-174727731.html
META,https://finance.yahoo.com/news/sector-tech-172758967.html
GOOGL,https://finance.yahoo.com/news/market-chatter-eu-set-examine-173001347.html
GOOG,https://finance.yahoo.com/news/market-chatter-eu-set-examine-173001347.html
PLTR,https://finance.yahoo.com/news/sector-tech-stocks-retreat-afternoon-200000804.html
PLTR,https://finance.yahoo.com/news/boeing-teams-palantir-ai-integration-195316465.html
PLTR,https://finance.yahoo.com/news/sector-tech-193531556.html
BKNG,https://finance.yahoo.com/news/market-chatter-eu-set-examine-173001347.html
MU,https://finance.yahoo.com/news/micron-technology-beats-fourth-quarter-204329645.html
MU,https://finance.yahoo.com/news/micron-technology-fiscal-q4-non-201742918.html
CEG,https://finance.yahoo.com/news/sector-energy-stocks-rise-afternoon-194439736.html
CEG,https://finance.yahoo.com/news/constellation-energy-says-restart-crane-191403382.html
SNPS,https://finance.yahoo.com/news/synopsys-insider-sold-shares-worth-154803542.html
AXON,https://finance.yahoo.com/news/axon-enterprise-acquire-emergency-communications-155411134.html
TEAM,https://finance.yahoo.com/news/atlassian-insider-sold-shares-worth-205159723.html
TEAM,https://finance.yahoo.com/news/atlassian-insider-sold-shares-worth-205148172.html
BIIB,https://finance.yahoo.com/news/biogen-says-us-fda-delays-212025355.html
MSFT,https://finance.yahoo.com/news/sector-tech-stocks-edge-higher-130814339.html
MSFT,https://finance.yahoo.com/news/sector-tech-125037768.html
MSFT,https://finance.yahoo.com/news/market-chatter-microsoft-plans-launch-113433645.html
MSFT,https://finance.yahoo.com/news/meta-expands-llama-access-us-110110734.html
MSFT,https://finance.yahoo.com/news/market-chatter-nvidia-weighs-chip-102049397.html
AMZN,https://finance.yahoo.com/news/market-chatter-nfl-could-reportedly-112437520.html
AMZN,https://finance.yahoo.com/news/meta-expands-llama-access-us-110110734.html
AMZN,https://finance.yahoo.com/news/market-chatter-amazon-com-trial-104501808.html
AMZN,https://finance.yahoo.com/news/social-buzz-wallstreetbets-stocks-advance-103714233.html
AMZN,https://finance.yahoo.com/news/wells-fargo-upgrades-amazon-com-094632009.html
META,https://finance.yahoo.com/news/meta-expands-llama-access-us-110110734.html
GOOGL,https://finance.yahoo.com/news/alphabet-apos-youtube-allow-certain-113821569.html
GOOGL,https://finance.yahoo.com/news/meta-expands-llama-access-us-110110734.html
GOOG,https://finance.yahoo.com/news/alphabet-apos-youtube-allow-certain-113821569.html
GOOG,https://finance.yahoo.com/news/meta-expands-llama-access-us-110110734.html
PLTR,https://finance.yahoo.com/news/meta-expands-llama-access-us-110110734.html
AMD,https://finance.yahoo.com/news/amd-expands-artificial-intelligence-collaboration-131943928.html
AMD,https://finance.yahoo.com/news/meta-expands-llama-access-us-110110734.html
AZN,https://finance.yahoo.com/news/astrazeneca-says-supplemental-biologics-license-114519753.html
AZN,https://finance.yahoo.com/news/burning-rock-apos-system-approved-102715237.html
MU,https://finance.yahoo.com/news/street-raises-price-target-micron-130048615.html
MU,https://finance.yahoo.com/news/fox-advisors-adjusts-price-target-124507207.html
MU,https://finance.yahoo.com/news/daiwa-adjusts-price-target-micron-120354586.html
MU,https://finance.yahoo.com/news/correction-raymond-james-adjusts-pt-113242714.html
MU,https://finance.yahoo.com/news/stocks-mostly-pre-bell-investors-112216739.html
MU,https://finance.yahoo.com/news/wolfe-research-adjusts-micron-technology-112009645.html
MU,https://finance.yahoo.com/news/td-cowen-adjusts-micron-technology-112005504.html
MU,https://finance.yahoo.com/news/rosenblatt-adjusts-price-target-micron-111227970.html
MU,https://finance.yahoo.com/news/wells-fargo-adjusts-price-target-110519774.html
MU,https://finance.yahoo.com/news/keybanc-adjusts-price-target-micron-110441085.html
AMGN,https://finance.yahoo.com/news/citigroup-adjusts-price-target-amgen-101313731.html
ADBE,https://finance.yahoo.com/news/exchange-traded-funds-equity-futures-125229685.html
ADBE,https://finance.yahoo.com/news/morgan-stanley-downgrades-adobe-equalweight-091509048.html
LRCX,https://finance.yahoo.com/news/b-riley-adjusts-price-target-111355164.html
GILD,https://finance.yahoo.com/news/dr-reddy-apos-laboratories-hetero-121806414.html
AMAT,https://finance.yahoo.com/news/applied-materials-collaborate-globalfoundries-singapore-081606492.html
CMCSA,https://finance.yahoo.com/news/market-chatter-nfl-could-reportedly-112437520.html
CMCSA,https://finance.yahoo.com/news/goldman-sachs-adjusts-price-target-092351970.html
CRWD,https://finance.yahoo.com/news/daiwa-securities-adjusts-crowdstrike-price-112017014.html
SBUX,https://finance.yahoo.com/news/wolfe-research-adjusts-pt-starbucks-091805760.html
CTAS,https://finance.yahoo.com/news/cintas-fiscal-q1-earnings-revenue-125503503.html
CTAS,https://finance.yahoo.com/news/stocks-mostly-pre-bell-investors-112216739.html
PYPL,https://finance.yahoo.com/news/sector-financial-stocks-edge-higher-131626530.html
PYPL,https://finance.yahoo.com/news/sector-financial-125751562.html
PYPL,https://finance.yahoo.com/news/exchange-traded-funds-equity-futures-125229685.html
PYPL,https://finance.yahoo.com/news/paypal-blue-owl-capital-execute-120050256.html
PYPL,https://finance.yahoo.com/news/paypal-plans-invest-100-million-105305064.html
AXON,https://finance.yahoo.com/news/piper-sandler-initiates-axon-enterprise-095154749.html
PAYX,https://finance.yahoo.com/news/bmo-capital-adjusts-price-target-111214590.html
XEL,https://finance.yahoo.com/news/mizuho-adjusts-price-target-xcel-111120316.html
KDP,https://finance.yahoo.com/news/barclays-downgrades-keurig-dr-pepper-091032872.html
GEHC,https://finance.yahoo.com/news/ge-healthcare-lantheus-strike-licensing-080533462.html
BIIB,https://finance.yahoo.com/news/biogen-says-leqembi-approved-australia-121112725.html
GFS,https://finance.yahoo.com/news/applied-materials-collaborate-globalfoundries-singapore-081606492.html
NVDA,https://finance.yahoo.com/news/redcloud-joins-nvidia-connect-program-132413479.html
MU,https://finance.yahoo.com/news/bofa-securities-adjusts-price-target-140616042.html
MU,https://finance.yahoo.com/news/wedbush-raises-price-target-micron-135831297.html
MU,https://finance.yahoo.com/news/ubs-adjusts-price-target-micron-135509223.html
ADBE,https://finance.yahoo.com/news/adobe-facing-decelerating-digital-media-142430605.html
CTAS,https://finance.yahoo.com/news/cintas-lifts-fiscal-2026-outlook-141855513.html
CHTR,https://finance.yahoo.com/news/bofa-securities-adjusts-price-target-140801303.html
MSFT,https://finance.yahoo.com/news/market-chatter-openai-tokio-marine-180101289.html
MSFT,https://finance.yahoo.com/news/microsoft-adds-anthropic-apos-claude-160833271.html
MSFT,https://finance.yahoo.com/news/nvidia-apos-100-billion-investment-153924301.html
MSFT,https://finance.yahoo.com/news/sap-openai-collaborate-deliver-sovereign-152506596.html
AAPL,https://finance.yahoo.com/news/market-chatter-intel-approaches-apple-204801085.html
AAPL,https://finance.yahoo.com/news/sector-tech-stocks-retreat-afternoon-194902762.html
AAPL,https://finance.yahoo.com/news/apple-faces-elevated-wait-times-155423821.html
AMZN,https://finance.yahoo.com/news/market-chatter-paramount-skydance-yet-180950173.html
AMZN,https://finance.yahoo.com/news/microsoft-adds-anthropic-apos-claude-160833271.html
META,https://finance.yahoo.com/news/market-chatter-meta-platforms-apos-160013807.html
GOOGL,https://finance.yahoo.com/news/alphabet-apos-waymo-launches-businesses-163856414.html
GOOG,https://finance.yahoo.com/news/alphabet-apos-waymo-launches-businesses-163856414.html
NFLX,https://finance.yahoo.com/news/market-chatter-paramount-skydance-yet-180950173.html
MU,https://finance.yahoo.com/news/equities-fall-second-straight-day-205642158.html
MU,https://finance.yahoo.com/news/micron-could-face-pressure-high-193210387.html
ADBE,https://finance.yahoo.com/news/sector-tech-stocks-retreat-afternoon-194902762.html
ADBE,https://finance.yahoo.com/news/sector-tech-stocks-fall-wednesday-174002265.html
ADBE,https://finance.yahoo.com/news/sector-tech-171455573.html
ADBE,https://finance.yahoo.com/news/adobe-apos-digital-media-deceleration-162730069.html
PANW,https://finance.yahoo.com/news/palo-alto-networks-insider-sold-204127948.html
PANW,https://finance.yahoo.com/news/palo-alto-networks-insider-sold-204013505.html
CMCSA,https://finance.yahoo.com/news/comcast-apos-msnbc-bring-sky-165417120.html
INTC,https://finance.yahoo.com/news/market-chatter-intel-approaches-apple-204801085.html
DASH,https://finance.yahoo.com/news/cardlytics-shares-rise-citron-research-184539854.html
CDNS,https://finance.yahoo.com/news/cadence-teams-tsmc-chip-design-210722972.html
ORLY,https://finance.yahoo.com/news/autozone-apos-underlying-trends-remain-184930158.html
CTAS,https://finance.yahoo.com/news/sector-consumer-stocks-rise-afternoon-194701746.html
CTAS,https://finance.yahoo.com/news/sector-consumer-stocks-rise-afternoon-173536870.html
SNPS,https://finance.yahoo.com/news/synopsys-taiwan-semiconductor-expand-collaboration-205346999.html
AEP,https://finance.yahoo.com/news/bloom-energy-apos-fundamentals-fail-153834434.html
WBD,https://finance.yahoo.com/news/sector-consumer-stocks-rise-afternoon-194701746.html
WBD,https://finance.yahoo.com/news/market-chatter-paramount-skydance-yet-180950173.html
EXC,https://finance.yahoo.com/news/sunrun-baltimore-gas-electric-activate-160747168.html
XEL,https://finance.yahoo.com/news/us-equity-indexes-lower-rising-202554227.html
XEL,https://finance.yahoo.com/news/sector-energy-stocks-gain-afternoon-194814251.html
XEL,https://finance.yahoo.com/news/xcel-energy-reaches-settlement-agreements-191149640.html
KDP,https://finance.yahoo.com/news/keurig-dr-pepper-shares-lower-185106604.html
NVDA,https://finance.yahoo.com/news/nvidia-insider-sold-shares-worth-074400877.html
AMZN,https://finance.yahoo.com/news/amazon-com-nasdaq-expand-partnership-075524238.html
CRWD,https://finance.yahoo.com/news/crowdstrike-holdings-insider-sold-shares-073707108.html
CRWD,https://finance.yahoo.com/news/crowdstrike-holdings-insider-sold-shares-073426227.html
CRWD,https://finance.yahoo.com/news/crowdstrike-holdings-insider-sold-shares-073149343.html
CRWD,https://finance.yahoo.com/news/crowdstrike-holdings-insider-sold-shares-073027657.html
TEAM,https://finance.yahoo.com/news/atlassian-insider-sold-shares-worth-075113062.html
TEAM,https://finance.yahoo.com/news/atlassian-insider-sold-shares-worth-075013744.html
MSFT,https://finance.yahoo.com/news/sector-tech-stocks-decline-afternoon-195012036.html
MSFT,https://finance.yahoo.com/news/microsoft-disables-services-israeli-defense-174355864.html
MSFT,https://finance.yahoo.com/news/sector-tech-170309772.html
MSFT,https://finance.yahoo.com/news/coreweave-strikes-6-5-billion-162746269.html
MSFT,https://finance.yahoo.com/news/melius-research-adjusts-microsoft-price-162638872.html
AAPL,https://finance.yahoo.com/news/equities-extend-losses-third-day-210015866.html
AAPL,https://finance.yahoo.com/news/us-equity-indexes-lower-economic-201446869.html
AAPL,https://finance.yahoo.com/news/us-equity-markets-ended-lower-200647093.html
AAPL,https://finance.yahoo.com/news/us-equity-indexes-lower-amid-195307065.html
AAPL,https://finance.yahoo.com/news/sector-tech-stocks-decline-afternoon-195012036.html
AMZN,https://finance.yahoo.com/news/sector-consumer-stocks-slide-afternoon-195100302.html
AMZN,https://finance.yahoo.com/news/amazon-reaches-2-5-billion-173550766.html
META,https://finance.yahoo.com/news/sector-tech-stocks-decline-afternoon-195012036.html
META,https://finance.yahoo.com/news/sector-tech-stocks-decline-thursday-173256443.html
META,https://finance.yahoo.com/news/market-chatter-meta-platforms-faces-170432944.html
AVGO,https://finance.yahoo.com/news/broadcom-insider-sold-shares-worth-220318718.html
GOOGL,https://finance.yahoo.com/news/sector-tech-stocks-decline-afternoon-195012036.html
GOOGL,https://finance.yahoo.com/news/sector-tech-192340968.html
GOOGL,https://finance.yahoo.com/news/market-chatter-alphabet-apos-google-183227378.html
GOOG,https://finance.yahoo.com/news/sector-tech-stocks-decline-afternoon-195012036.html
GOOG,https://finance.yahoo.com/news/sector-tech-192340968.html
GOOG,https://finance.yahoo.com/news/market-chatter-alphabet-apos-google-183227378.html
TSLA,https://finance.yahoo.com/news/elon-muREDACTED_API_KEY.html
COST,https://finance.yahoo.com/news/costco-wholesale-fiscal-q4-net-202334087.html
COST,https://finance.yahoo.com/news/equities-fall-intraday-markets-weigh-182045224.html
PEP,https://finance.yahoo.com/news/sector-consumer-stocks-slide-afternoon-195100302.html
PEP,https://finance.yahoo.com/news/pepsico-likely-faces-challenging-q3-151402775.html
PEP,https://finance.yahoo.com/news/citigroup-adjusts-price-target-pepsico-104050204.html
PEP,https://finance.yahoo.com/news/wells-fargo-adjusts-price-target-101200179.html
MU,https://finance.yahoo.com/news/gf-securities-upgrades-micron-technology-145102634.html
MU,https://finance.yahoo.com/news/argus-adjusts-price-target-micron-125827253.html
MU,https://finance.yahoo.com/news/social-buzz-wallstreetbets-stocks-mixed-104833671.html
INTC,https://finance.yahoo.com/news/equities-extend-losses-third-day-210015866.html
INTC,https://finance.yahoo.com/news/us-equity-indexes-lower-economic-201446869.html
INTC,https://finance.yahoo.com/news/us-equity-markets-ended-lower-200647093.html
INTC,https://finance.yahoo.com/news/us-equity-indexes-lower-amid-195307065.html
INTC,https://finance.yahoo.com/news/sector-tech-stocks-decline-afternoon-195012036.html
CRWD,https://finance.yahoo.com/news/scotiabank-upgrades-crowdstrike-holdings-sector-092824181.html
VRTX,https://finance.yahoo.com/news/vertex-says-fda-granted-breakthrough-124812356.html
VRTX,https://finance.yahoo.com/news/leerink-partners-upgrades-vertex-pharmaceuticals-103951285.html
CEG,https://finance.yahoo.com/news/jpmorgan-adjusts-price-target-constellation-094121759.html
SBUX,https://finance.yahoo.com/news/sector-consumer-stocks-slide-afternoon-195100302.html
SBUX,https://finance.yahoo.com/news/sector-consumer-stocks-fall-afternoon-173042453.html
SBUX,https://finance.yahoo.com/news/top-midday-stories-carmax-shares-153604498.html
SBUX,https://finance.yahoo.com/news/starbucks-cut-900-jobs-close-145819710.html
CTAS,https://finance.yahoo.com/news/citigroup-adjusts-price-target-cintas-104114514.html
CTAS,https://finance.yahoo.com/news/jpmorgan-adjusts-price-target-cintas-100655880.html
CTAS,https://finance.yahoo.com/news/wells-fargo-adjusts-price-target-100647920.html
CTAS,https://finance.yahoo.com/news/goldman-sachs-adjusts-price-target-100635419.html
CTAS,https://finance.yahoo.com/news/rbc-capital-adjusts-price-target-100624185.html
CTAS,https://finance.yahoo.com/news/baird-adjusts-price-target-cintas-094241998.html
MDLZ,https://finance.yahoo.com/news/wells-fargo-adjusts-price-target-110452132.html
CSX,https://finance.yahoo.com/news/susquehanna-adjusts-price-target-csx-102345842.html
CSX,https://finance.yahoo.com/news/evercore-isi-adjusts-price-target-102333003.html
CSX,https://finance.yahoo.com/news/wells-fargo-upgrades-csx-overweight-092914369.html
AEP,https://finance.yahoo.com/news/morgan-stanley-adjusts-price-target-122216527.html
DDOG,https://finance.yahoo.com/news/datadog-insider-sold-shares-worth-202551921.html
WBD,https://finance.yahoo.com/news/warner-bros-discovery-faces-criticism-182310771.html
TEAM,https://finance.yahoo.com/news/atlassian-insider-sold-shares-worth-203718734.html
TEAM,https://finance.yahoo.com/news/atlassian-insider-sold-shares-worth-203702242.html
BKR,https://finance.yahoo.com/news/baker-hughes-insider-sold-shares-210223394.html
EXC,https://finance.yahoo.com/news/morgan-stanley-adjusts-price-target-114949412.html
XEL,https://finance.yahoo.com/news/ubs-adjusts-price-target-xcel-141733500.html
XEL,https://finance.yahoo.com/news/mizuho-adjusts-price-target-xcel-102724797.html
XEL,https://finance.yahoo.com/news/morgan-stanley-adjusts-price-target-101042410.html
XEL,https://finance.yahoo.com/news/goldman-sachs-adjusts-price-target-101034211.html
XEL,https://finance.yahoo.com/news/wolfe-research-adjusts-price-target-101026001.html
XEL,https://finance.yahoo.com/news/bmo-capital-adjusts-price-target-101019141.html
KDP,https://finance.yahoo.com/news/wells-fargo-adjusts-price-target-105736555.html
VRSK,https://finance.yahoo.com/news/veriREDACTED_API_KEY.html
CTSH,https://finance.yahoo.com/news/market-chatter-us-lawmakers-seek-161953659.html
CTSH,https://finance.yahoo.com/news/bipartisan-senate-duo-seeks-big-152804642.html
CTSH,https://finance.yahoo.com/news/market-chatter-us-lawmakers-seek-103629270.html
LULU,https://finance.yahoo.com/news/lululemon-athletica-shares-fall-needham-191106210.html
LULU,https://finance.yahoo.com/news/needham-downgrades-lululemon-athletica-hold-100828117.html
MSFT,https://finance.yahoo.com/news/morgan-stanley-adjusts-price-target-091751812.html
COST,https://finance.yahoo.com/news/bernstein-adjusts-pt-costco-wholesale-093050776.html
COST,https://finance.yahoo.com/news/jpmorgan-adjusts-pt-costco-wholesale-093026796.html
COST,https://finance.yahoo.com/news/morgan-stanley-adjusts-pt-costco-093010184.html
COST,https://finance.yahoo.com/news/goldman-sachs-adjusts-pt-costco-092953309.html
COST,https://finance.yahoo.com/news/gordon-haskett-adjusts-price-target-092016547.html
COST,https://finance.yahoo.com/news/truist-adjusts-price-target-costco-092006132.html
TTWO,https://finance.yahoo.com/news/citic-initiates-two-interactive-software-094927259.html
NVDA,https://finance.yahoo.com/news/social-buzz-wallstreetbets-stocks-mostly-104125753.html
AMZN,https://finance.yahoo.com/news/social-buzz-wallstreetbets-stocks-mostly-104125753.html
META,https://finance.yahoo.com/news/meta-offer-paid-version-facebook-110135441.html
META,https://finance.yahoo.com/news/meta-platforms-reliance-industries-win-103700738.html
GOOGL,https://finance.yahoo.com/news/exchange-traded-funds-equity-futures-130535275.html
GOOGL,https://finance.yahoo.com/news/market-chatter-alphabet-apos-google-120536273.html
GOOGL,https://finance.yahoo.com/news/market-chatter-alphabet-apos-youtube-115105013.html
GOOG,https://finance.yahoo.com/news/exchange-traded-funds-equity-futures-130535275.html
GOOG,https://finance.yahoo.com/news/market-chatter-alphabet-apos-google-120536273.html
GOOG,https://finance.yahoo.com/news/market-chatter-alphabet-apos-youtube-115105013.html
TSLA,https://finance.yahoo.com/news/tesla-likely-beat-third-quarter-131441551.html
TSLA,https://finance.yahoo.com/news/social-buzz-wallstreetbets-stocks-mostly-104125753.html
TSLA,https://finance.yahoo.com/news/deutsche-bank-adjusts-price-target-104025073.html
TSLA,https://finance.yahoo.com/news/wedbush-adjusts-price-target-tesla-101844645.html
COST,https://finance.yahoo.com/news/stocks-mostly-down-pre-bell-114427981.html
COST,https://finance.yahoo.com/news/costco-wholesale-fiscal-fourth-quarter-102027504.html
COST,https://finance.yahoo.com/news/evercore-isi-adjusts-pt-costco-101915228.html
AZN,https://finance.yahoo.com/news/astrazeneca-launch-direct-consumer-platform-132335996.html
AMGN,https://finance.yahoo.com/news/amgen-invest-650-million-expanding-131852198.html
CMCSA,https://finance.yahoo.com/news/market-chatter-alphabet-apos-youtube-115105013.html
INTC,https://finance.yahoo.com/news/social-buzz-wallstreetbets-stocks-mostly-104125753.html
MDLZ,https://finance.yahoo.com/news/evercore-isi-adjusts-price-target-102152445.html
SNPS,https://finance.yahoo.com/news/rothschild-co-redburn-adjusts-price-102333833.html
REGN,https://finance.yahoo.com/news/regeneron-says-evkeeza-gets-fda-120702735.html
PAYX,https://finance.yahoo.com/news/wolfe-research-adjusts-price-target-103645736.html
ROST,https://finance.yahoo.com/news/gordon-haskett-adjusts-price-target-103707173.html
BKR,https://finance.yahoo.com/news/exchange-traded-funds-equity-futures-130535275.html
BKR,https://finance.yahoo.com/news/wall-street-futures-little-changed-112133398.html
DXCM,https://finance.yahoo.com/news/baird-adjusts-price-target-dexcom-102046293.html
PANW,https://finance.yahoo.com/news/tigress-initiates-palo-alto-networks-141509134.html
GOOGL,https://finance.yahoo.com/news/top-midday-stories-amgen-invest-152044561.html
GOOG,https://finance.yahoo.com/news/top-midday-stories-amgen-invest-152044561.html
TSLA,https://finance.yahoo.com/news/foran-mining-upgraded-outperform-speculative-151634856.html
TSLA,https://finance.yahoo.com/news/wedbush-raises-price-target-tesla-150044765.html
TSLA,https://finance.yahoo.com/news/tesla-could-reach-2-trillion-145131516.html
TSLA,https://finance.yahoo.com/news/tesla-apos-q3-deliveries-seen-144721592.html
COST,https://finance.yahoo.com/news/costco-wholesale-displays-apos-picture-152530628.html
COST,https://finance.yahoo.com/news/costco-facing-concerns-following-q4-152128383.html
COST,https://finance.yahoo.com/news/costco-wholesale-delivers-apos-modest-145835235.html
AMGN,https://finance.yahoo.com/news/top-midday-stories-amgen-invest-152044561.html
PANW,https://finance.yahoo.com/news/palo-alto-networks-positioned-apos-145618374.html
SBUX,https://finance.yahoo.com/news/market-chatter-starbucks-apos-chief-153029750.html
WBD,https://finance.yahoo.com/news/warner-bros-discovery-stock-faces-160210846.html
MSFT,https://finance.yahoo.com/news/sector-tech-stocks-mixed-afternoon-194543677.html
MSFT,https://finance.yahoo.com/news/sector-tech-stocks-advance-friday-174148876.html
MSFT,https://finance.yahoo.com/news/sector-tech-171222358.html
AAPL,https://finance.yahoo.com/news/sector-tech-stocks-mixed-afternoon-194543677.html
AAPL,https://finance.yahoo.com/news/sector-tech-191450944.html
AAPL,https://finance.yahoo.com/news/market-chatter-apple-develops-chatgpt-184009470.html
AMZN,https://finance.yahoo.com/news/sector-tech-stocks-advance-friday-174148876.html
AMZN,https://finance.yahoo.com/news/anthropic-appoints-chris-ciauri-managing-172406193.html
META,https://finance.yahoo.com/news/p-500-snaps-weekly-winning-204657740.html
META,https://finance.yahoo.com/news/european-equities-close-higher-friday-161009609.html
GOOGL,https://finance.yahoo.com/news/p-500-snaps-weekly-winning-204657740.html
GOOGL,https://finance.yahoo.com/news/market-chatter-terawulf-eyes-3-183440044.html
GOOGL,https://finance.yahoo.com/news/anthropic-appoints-chris-ciauri-managing-172406193.html
GOOGL,https://finance.yahoo.com/news/us-equity-indexes-rise-investors-170106228.html
GOOGL,https://finance.yahoo.com/news/us-equity-indexes-rise-midday-163245346.html
GOOG,https://finance.yahoo.com/news/p-500-snaps-weekly-winning-204657740.html
GOOG,https://finance.yahoo.com/news/market-chatter-terawulf-eyes-3-183440044.html
GOOG,https://finance.yahoo.com/news/sector-tech-stocks-advance-friday-174148876.html
GOOG,https://finance.yahoo.com/news/anthropic-appoints-chris-ciauri-managing-172406193.html
GOOG,https://finance.yahoo.com/news/us-equity-indexes-rise-investors-170106228.html
GOOG,https://finance.yahoo.com/news/us-equity-indexes-rise-midday-163245346.html
TSLA,https://finance.yahoo.com/news/wall-street-snaps-3-day-205405606.html
TSLA,https://finance.yahoo.com/news/sector-consumer-stocks-rise-afternoon-194845998.html
TSLA,https://finance.yahoo.com/news/equities-rise-intraday-markets-weigh-181414874.html
TSLA,https://finance.yahoo.com/news/sector-consumer-stocks-rise-afternoon-175327360.html
TSLA,https://finance.yahoo.com/news/sector-consumer-171336798.html
COST,https://finance.yahoo.com/news/wall-street-snaps-3-day-205405606.html
COST,https://finance.yahoo.com/news/sector-consumer-stocks-rise-afternoon-194845998.html
COST,https://finance.yahoo.com/news/equities-rise-intraday-markets-weigh-181414874.html
COST,https://finance.yahoo.com/news/sector-consumer-stocks-rise-afternoon-175327360.html
AZN,https://finance.yahoo.com/news/sector-health-care-stocks-gain-194743499.html
AZN,https://finance.yahoo.com/news/sector-health-care-stocks-rise-174510649.html
APP,https://finance.yahoo.com/news/us-equity-indexes-higher-inflation-201450432.html
SHOP,https://finance.yahoo.com/news/tsx-32-points-midday-tech-161728467.html
AMGN,https://finance.yahoo.com/news/sector-health-care-stocks-gain-194743499.html
AMGN,https://finance.yahoo.com/news/sector-health-care-stocks-rise-174510649.html
AMGN,https://finance.yahoo.com/news/us-equity-indexes-rise-investors-170106228.html
AMGN,https://finance.yahoo.com/news/sector-health-care-170023070.html
AMGN,https://finance.yahoo.com/news/us-equity-indexes-rise-midday-163245346.html
ROST,https://finance.yahoo.com/news/ross-stores-insider-sold-shares-212927144.html
TEAM,https://finance.yahoo.com/news/atlassian-insider-sold-shares-worth-203641995.html
BKR,https://finance.yahoo.com/news/oil-rig-count-rises-6-193809526.html
EA,https://finance.yahoo.com/news/wall-street-snaps-3-day-205405606.html
EA,https://finance.yahoo.com/news/us-equity-markets-rise-inflation-201652398.html
EA,https://finance.yahoo.com/news/us-equity-indexes-higher-inflation-201450432.html
EA,https://finance.yahoo.com/news/us-equity-indexes-higher-line-195604016.html
EA,https://finance.yahoo.com/news/sector-tech-stocks-mixed-afternoon-194543677.html
EA,https://finance.yahoo.com/news/market-chatter-electronic-arts-near-191207866.html
